﻿<?xml version="1.0" encoding="utf-8"?>
<AlarmStatuses>
   <AlarmStatus value="1">
      <Name >IntegrationWorkStation.ReportConfig.NoEndAlarm</Name>
     <Tag></Tag>
   </AlarmStatus>
   <AlarmStatus value="2">
      <Name >IntegrationWorkStation.ReportConfig.EndedAlarm</Name>
      <Tag></Tag>
   </AlarmStatus>
   <AlarmStatus value="3"> 
      <Name >IntegrationWorkStation.ReportConfig.NoConfirmAlarm</Name>
     <Tag></Tag>
   </AlarmStatus>
   <AlarmStatus value="4">
      <Name >IntegrationWorkStation.ReportConfig.ConfirmedAlarm</Name>
      <Tag>BR</Tag>
   </AlarmStatus>
</AlarmStatuses>
