﻿<?xml version="1.0" encoding="utf-8"?>
<ReportButtons>
   <Button>
    <ReportKey>1</ReportKey>
    <ReportName>IntegrationWorkStation.AlarmSearchReportTitle</ReportName>
    <ImageURL>Theme.png</ImageURL>
    <Title>IntegrationWorkStation.AlarmSearchReportTitle</Title>
    <Description>IntegrationWorkStation.AlarmSearchReportDescription</Description>
    <LibraryName>AlarmSearch</LibraryName>
  </Button>
  <Button>
    <ReportKey>2</ReportKey>
    <ReportName>IntegrationWorkStation.PointValueInfoReportTitle</ReportName>
    <ImageURL>Theme.png</ImageURL>
    <Title>IntegrationWorkStation.PointValueInfoReportTitle</Title>
    <Description>IntegrationWorkStation.PointValueInfoReportDescription</Description>
    <LibraryName>PointValueInfo</LibraryName>
    <IsCheckVersion>true</IsCheckVersion>
    <IsCheckSQLLimit>true</IsCheckSQLLimit>
  </Button>
  <Button>
    <ReportKey>3</ReportKey>
    <ReportName>IntegrationWorkStation.OperationLogInformationReportTitle</ReportName>
    <ImageURL>Theme.png</ImageURL>
    <Title>IntegrationWorkStation.OperationLogInformationReportTitle</Title>
    <Description>IntegrationWorkStation.OperationLogInformationReportDescription</Description>
    <LibraryName>OperationLogInformation</LibraryName>
    <IsCheckVersion>true</IsCheckVersion>
    <IsCheckSQLLimit>true</IsCheckSQLLimit>
  </Button>
</ReportButtons>