﻿<mainMenu>
  <menu type="MenuItem" name="SetPersonGroup" text="MapMenu.SetCell" invokeMethod="ChangeCell"></menu>
  <menu type="MenuItem" name="SetPersonGroup" text="MapMenu.SetCharParameter" invokeMethod="SetMapCharacterControl"></menu>
  <menu type="MenuItem" name="SetPersonGroup" text="MapMenu.SetCustomView" invokeMethod="CustomDeviceView"></menu>
  <menu type="MenuItem" name="SetPersonGroup" text="MapMenu.SetBinding" invokeMethod="SetBingdingObject"></menu>
  <menu type="MenuItem" name="SetPersonGroup" text="MapMenu.Delete" invokeMethod="Delete"></menu>
</mainMenu>