﻿<mainMenu>
  <menu type="MenuItem" name="SetPersonGroup" text="MapMenu.SetCellContent" invokeMethod="SetMapTableCell"></menu>
  <menu type="MenuItem" name="SetPersonGroup" text="MapMenu.SetCellBinding" invokeMethod="SetMapTableCellBinding"></menu>
  <menu type="MenuItem" name="SetPersonGroup" text="MapMenu.SetMapTableCell" invokeMethod="SetMapTable"></menu>
  <menu type="MenuItem" name="SetPersonGroup" text="MapMenu.CleanMapTableData" invokeMethod="ClearAllData"></menu>
  <menu type="MenuItem" name="SetPersonGroup" text="MapMenu.DeleteMapTable" invokeMethod="Delete"></menu>
</mainMenu>