﻿<mainMenu>
  <menu type="MenuItem" name="SetPersonGroup" text="MapMenu.SetCell" invokeMethod="ChangeCell"></menu>
  <menu type="MenuItem" name="SetPersonGroup" text="MapMenu.SetCellDiscription" invokeMethod="SetDescription"></menu>
  <menu type="MenuItem" name="SetPersonGroup" text="MapMenu.Delete" invokeMethod="Delete"></menu>
  <menu type="MenuItem" name="SetPersonGroup" text="MapMenu.ObjectDetail" invokeMethod="ShowObjectDetail"></menu>
  <menu type="MenuItem" name="SetPersonGroup" text="MapMenu.SetBinding" invokeMethod="SetBingdingObject"></menu>
  <menu type="MenuItem" name="SetPersonGroup" text="MapMenu.SetCustomView" invokeMethod="CustomDeviceView"></menu>
</mainMenu>