﻿<?xml version="1.0" encoding="utf-8" ?>
<mainForm>
  <tabForms>
    <tabForm Assembly="KonNaD.WorkStation.DeviceManager.dll" Type="KonNaD.WorkStation.DeviceManager.DeviceManagerTabWindow" ConfigFolderKey="DeviceManager"
		   ThumbnailImage="ThumbnailView/View03.png" Title="设备管理">

      <showObjectTypes>
        <showObjectType Type="Class" ClassID="0" Assembly="" ShowObjectType="KonNaD.WorkStation.DeviceManager.ServerShowObjectType" MenuXml="ServerShowObjectType.xml"></showObjectType>
        <showObjectType Type="Class" ClassID="63" Assembly="" ShowObjectType="KonNaD.WorkStation.DeviceManager.DeviceGroupShowObjectType" MenuXml="DeviceGroupShowObjectType.xml"></showObjectType>
        <showObjectType Type="Class" ClassID="381" Assembly="" ShowObjectType="KonNaD.WorkStation.DeviceManager.CollectServerShowObjectType" MenuXml="CollectServerShowObjectType.xml"></showObjectType>
        <showObjectType Type="Class" ClassID="905" Assembly="" ShowObjectType="KonNaD.WorkStation.DeviceManager.UiModbusTcpDeviceShowObjectType" MenuXml="UiModbusTcpDeviceShowObjectType.xml"></showObjectType>
        <showObjectType Type="Class" ClassID="903" Assembly="" ShowObjectType="KonNaD.WorkStation.DeviceManager.SubDeviceShowObjectType" MenuXml="SubDeviceShowObjectType.xml"></showObjectType>
      </showObjectTypes>
      <mainMenuType Assembly="" HandlerType="KonNaD.WorkStation.DeviceManager.MainMenuHandler" MenuXml="TabMainMenu.xml"></mainMenuType>
    </tabForm>

    <tabForm Assembly="KonNaD.WorkStation.DeviceMonitor.dll" Type="KonNaD.WorkStation.DeviceMonitor.DeviceMonitorTabWindow" ConfigFolderKey="DeviceMonitor"
		   ThumbnailImage="ThumbnailView/View03.png" Title="信息监控">
      <mainMenuType Assembly="" HandlerType="KonNaD.WorkStation.DeviceMonitor.MainMenuHandler" MenuXml="TabMainMenu.xml"></mainMenuType>
    </tabForm>

    <tabForm Assembly="UiSys.ReportManage.dll" Type="UiSys.ReportManage.ReportManage" ConfigFolderKey="ReportManage"
         ThumbnailImage="ThumbnailView/View03.png" TabDescription="显示系统中的报表"
         Title="报表管理">
      <mainMenuType Assembly="" HandlerType="UiSys.ReportManage.ReportMainMenuHandler" MenuXml="TabMainMenu.xml"></mainMenuType>
    </tabForm>
  </tabForms>
</mainForm>