﻿<?xml version="1.0" encoding="utf-8" standalone="yes"?>
<AlarmColors>
  <Server MachineCode="4E478AD270D6331E181264308426952A">
    <AlarmFilterWay Id="1108101562369">
      <IsShow>True</IsShow>
      <PlayCount>0</PlayCount>
      <SoundFile>未选择</SoundFile>
      <A>255</A>
      <R>0</R>
      <G>0</G>
      <B>0</B>
      <PlayType>0</PlayType>
      <SoundFormat>0</SoundFormat>
    </AlarmFilterWay>
    <AlarmFilterWay Id="1108101562370">
      <IsShow>True</IsShow>
      <PlayCount>5</PlayCount>
      <SoundFile>未选择</SoundFile>
      <A>255</A>
      <R>255</R>
      <G>0</G>
      <B>0</B>
      <PlayType>1</PlayType>
      <SoundFormat>0</SoundFormat>
    </AlarmFilterWay>
    <AlarmFilterWay Id="1108101562371">
      <IsShow>True</IsShow>
      <PlayCount>2</PlayCount>
      <SoundFile>未选择</SoundFile>
      <A>255</A>
      <R>255</R>
      <G>0</G>
      <B>0</B>
      <PlayType>1</PlayType>
      <SoundFormat>4</SoundFormat>
    </AlarmFilterWay>
    <AlarmFilterWay Id="1108101562372">
      <IsShow>True</IsShow>
      <PlayCount>2</PlayCount>
      <SoundFile>未选择</SoundFile>
      <A>255</A>
      <R>112</R>
      <G>48</G>
      <B>160</B>
      <PlayType>1</PlayType>
      <SoundFormat>2</SoundFormat>
    </AlarmFilterWay>
  </Server>
</AlarmColors>