<?xml version="1.0" encoding="utf-8" ?>
<mainMenu>
  <!-- action[Add|Modify|Delete]; type[SubMenu|MenuItem] -->
  <menu type="MenuItem" name="SetCollectServer" text="Common.Setting" invokeMethod="Setting" beginGroup="true"></menu>
  <menu type="MenuItem" name="DeleteCollectServer" text="Common.Delete" invokeMethod="Delete" beginGroup="true"></menu>
  <menu type="MenuItem" name="AddModbusDevice" text="KonNaD.WorkStation.DeviceManager.AddModbusDevice" invokeMethod="AddModbusDevice" beginGroup="true"></menu>
  <menu type="MenuItem" name="AddSubDevice" text="KonNaD.WorkStation.DeviceManager.AddSubDevice" invokeMethod="AddSubDevice" beginGroup="true"></menu>
</mainMenu>