﻿<?xml version="1.0" encoding="utf-8" ?>
<mainMenu>
  <!-- action[Add|Modify|Delete]; type[SubMenu|MenuItem] -->
  <menu type="MenuItem" name="SetAreaGroup" text="Common.Setting" invokeMethod="Setting" beginGroup="true"></menu>
  <menu type="MenuItem" name="DeleteAreaGroup" text="Common.Delete" invokeMethod="Delete" beginGroup="true"></menu>
  <menu type="DropDownMenu" name="AddObject" text="Common.Add">
    <menu type="MenuItem" name="AddAreaGroup" text="设备组" invokeMethod="AddDeviceGroup" beginGroup="true"></menu>
    <menu type="MenuItem" name="AddModbusDevice" text="KonNaD.WorkStation.DeviceManager.AddModbusDevice" invokeMethod="AddModbusDevice" beginGroup="true"></menu>
    <menu type="MenuItem" name="AddSubDevice" text="KonNaD.WorkStation.DeviceManager.AddSubDevice" invokeMethod="AddSubDevice" beginGroup="true"></menu>
  </menu>
  <menu type="Separator" />
  <menu type="MenuItem" name="ImportMap" text="导入组态" invokeMethod="ImportMap" beginGroup="true"></menu>
  <menu type="MenuItem" name="ExportMap" text="导出组态" invokeMethod="ExportMap" beginGroup="true"></menu>
</mainMenu>