﻿<?xml version="1.0" encoding="utf-8" ?>
<mainMenu>
  <!-- action[Add|Modify|Delete]; type[SubMenu|MenuItem] -->
  <menu type="MenuItem" name="Setting" text="Common.Setting" invokeMethod="Setting" beginGroup="true"></menu>
  <menu type="DropDownMenu" name="AddObject" text="添加">
    <menu type="MenuItem" name="AddAreaGroup" text="设备组" invokeMethod="AddDeviceGroup" beginGroup="true"></menu>
  </menu>
  <menu type="Separator" />
  <menu type="MenuItem" invokeMethod="SearchDevice" text="搜索设备">
  </menu>
</mainMenu>