﻿<?xml version="1.0" encoding="utf-8" ?>
<mainMenu>
  <!-- action[Add|Modify|Delete]; type[SubMenu|MenuItem] -->
  <menu type="MenuItem" name="SetModbusTcpDeviceServer" text="Common.Setting" invokeMethod="Setting" beginGroup="true"></menu>
  <menu type="MenuItem" name="DeleteModbusTcpDeviceServer" text="Common.Delete" invokeMethod="Delete" beginGroup="true"></menu>
  <menu type="MenuItem" name="AddCascadeDevice" text="KonNaD.WorkStation.DeviceManager.AddCascadeDevice" invokeMethod="AddSubDevice" beginGroup="true"></menu>
  <menu type="MenuItem" name="SyncDevice" text="KonNaD.WorkStation.DeviceManager.SyncDeviceParam" invokeMethod="SyncDeviceParam" beginGroup="true"></menu>
  <menu type="Separator" />
  <menu type="MenuItem" name="ManageCustomAlarm" text="设置设备密码" invokeMethod="SettingDevicePassword" beginGroup="true"></menu>
  <menu type="MenuItem" name="ManageCustomLinkage" text="清除设备密码" invokeMethod="ClearDevicePassword" beginGroup="true"></menu>
  <menu type="Separator" />
  <menu type="MenuItem" name="ManageModbusDevicePoint" text="KonNaD.WorkStation.DeviceManager.ManageDevicePoint" invokeMethod="ManageDevicePoint" beginGroup="true"></menu>
  <menu type="MenuItem" name="ManageCustomAlarm" text="管理自定义告警" invokeMethod="ManageCustomAlarm" beginGroup="true"></menu>
  <menu type="MenuItem" name="ManageCustomLinkage" text="管理自定义联动" invokeMethod="ManageCustomLinkage" beginGroup="true"></menu>
  <menu type="Separator" />
  <menu type="MenuItem" name="menuSetMap" text="KonNaD.WorkStation.DeviceManager.SetMap" invokeMethod="SetMap" beginGroup="true"></menu>
  <menu type="MenuItem" name="menuExportMap" text="KonNaD.WorkStation.DeviceManager.ExportMap" invokeMethod="ExportMap" beginGroup="true"></menu>
</mainMenu>