﻿<?xml version="1.0" encoding="utf-8" ?>
<Config>
  <Field Key="MAC" FieldName="MAC地址" ControlName="txtMAC" DeviceFieldType="MAC" FieldByteLength="6" IsReverse="False" DefaultValue="" IsAllowEmpty="True" />
  <Field Key="SearchIPAddress" FieldName="IP地址" DeviceFieldType="IP" FieldByteLength="4" IsReverse="False" DefaultValue="10.1.1.11" IsAllowEmpty="True" />
  <Field Key="DeviceModel" FieldName="型号" ControlName="txtDeviceModel" DeviceFieldType="ModelString" FieldByteLength="2" IsReverse="False" DefaultValue="" IsAllowEmpty="True" />
  <Field Key="Version" FieldName="主设备版本号" ControlName="txtVersion" DeviceFieldType="Version" FieldByteLength="2" IsReverse="False" DefaultValue="" IsAllowEmpty="True" />
  <Field Key="SubVersion" FieldName="从设备版本号" ControlName="txtSubVersion" DeviceFieldType="Version" FieldByteLength="2" IsReverse="False" DefaultValue="" IsAllowEmpty="True" />
  <Field Key="SearchDeviceName" FieldName="名称" DeviceFieldType="String" FieldByteLength="20" IsReverse="False" DefaultValue="" IsAllowEmpty="True" />

  <Field Key="Password" FieldName="保护密码" DeviceFieldType="Int" FieldByteLength="4" IsReverse="False" DefaultValue="" IsAllowEmpty="True" />
  <Field Key="IPAddress" FieldName="IP地址" ControlName="txtIPAddress" DeviceFieldType="IP" FieldByteLength="4" IsReverse="False" DefaultValue="10.1.1.11" IsAllowEmpty="True" />
  <Field Key="ListenPort" FieldName="监听端口" ControlName="txtListenPort" DeviceFieldType="Int" FieldByteLength="4" IsReverse="False" DefaultValue="502" IsAllowEmpty="True" />
  <Field Key="Mask" FieldName="子网掩码" ControlName="txtMask" DeviceFieldType="IP" FieldByteLength="4" IsReverse="False" DefaultValue="255.0.0.0" IsAllowEmpty="True" />
  <Field Key="NetGateway" FieldName="网关" ControlName="txtNetGateway" DeviceFieldType="IP" FieldByteLength="4" IsReverse="False" DefaultValue="10.1.1.200" IsAllowEmpty="True" />
  <Field Key="AutoIP" FieldName="自动获取IP" ControlName="cbAutoIP" DeviceFieldType="Bool" FieldByteLength="4" IsReverse="False" DefaultValue="False" IsAllowEmpty="True" />
  <Field Key="ServerAddress" FieldName="服务器IP地址或域名" ControlName="txtServerAddress" DeviceFieldType="String" FieldByteLength="64" IsReverse="False" DefaultValue="10.1.2.132" IsAllowEmpty="True" />
  <Field Key="ServerPort" FieldName="服务器端口号" ControlName="txtServerPort" DeviceFieldType="Int" FieldByteLength="4" IsReverse="False" DefaultValue="9876" IsAllowEmpty="True" />
  <Field Key="DNS" FieldName="DNS服务器IP" ControlName="txtDNS" DeviceFieldType="IP" FieldByteLength="4" IsReverse="False" DefaultValue="8.8.8.8" IsAllowEmpty="True" />
  <Field Key="WorkType" FieldName="工作方式" ControlName="cmbWorkType" DeviceFieldType="Int" FieldByteLength="4" IsReverse="False" DefaultValue="0" IsAllowEmpty="True" />
  <Field Key="AutoUpload" FieldName="自动上传数据" ControlName="cbAutoUpload" DeviceFieldType="Bool" FieldByteLength="2" IsReverse="False" DefaultValue="False" IsAllowEmpty="True" />
  <Field Key="DeviceId" FieldName="设备ID" ControlName="txtDeviceId" DeviceFieldType="UShort" FieldByteLength="2" IsReverse="False" DefaultValue="0" IsAllowEmpty="True" />
  <Field Key="DeviceName" FieldName="设备名称" ControlName="txtDeviceName" DeviceFieldType="String" FieldByteLength="20" IsReverse="False" DefaultValue="" IsAllowEmpty="True" />
</Config>