﻿<?xml version="1.0" encoding="utf-8" ?>
<Config>
  <Field Key="DeviceModel" FieldName="型号" ControlName="cmbDeviceModel" DeviceFieldType="Model" FieldByteLength="2" IsReverse="False" DefaultValue="1" IsAllowEmpty="True" />
  <Field Key="Address" FieldName="地址" ControlName="txtAddress" DeviceFieldType="Short" FieldByteLength="2" IsReverse="False" DefaultValue="0" IsAllowEmpty="False" MinValue="1" MaxValue="255" />
  <Field Key="Name" FieldName="名称" ControlName="txtName" DeviceFieldType="String" FieldByteLength="20" IsReverse="False" DefaultValue="" IsAllowEmpty="True" />
  <Field Key="Baudrate" FieldName="波特率" ControlName="cmbBaudrate" DeviceFieldType="Int" FieldByteLength="4" IsReverse="False" DefaultValue="300" IsAllowEmpty="True" />
  <Field Key="Databit" FieldName="数据位" ControlName="cmbDatabit" DeviceFieldType="Byte" FieldByteLength="1" IsReverse="False" DefaultValue="6" IsAllowEmpty="True" />
  <Field Key="Parity" FieldName="校验方式" ControlName="cmbParity" DeviceFieldType="Byte" FieldByteLength="1" IsReverse="False" DefaultValue="0" IsAllowEmpty="True" />
  <Field Key="Stopbit" FieldName="停止位" ControlName="cmbStopbit" DeviceFieldType="Byte" FieldByteLength="1" IsReverse="False" DefaultValue="1" IsAllowEmpty="True" />
  <Field Key="Reserve" FieldName="保留点" DeviceFieldType="Byte" FieldByteLength="1" IsReverse="False" DefaultValue="0" IsAllowEmpty="True" />
  <Field Key="HeaderTimeout" FieldName="头超时时间" ControlName="txtHeaderTimeout" DeviceFieldType="Short" FieldByteLength="2" IsReverse="False" DefaultValue="500" IsAllowEmpty="False" MinValue="0" MaxValue="65535"/>
  <Field Key="SpanTimeout" FieldName="间隔超时时间" ControlName="txtSpanTimeout" DeviceFieldType="Short" FieldByteLength="2" IsReverse="False" DefaultValue="20" IsAllowEmpty="False" MinValue="20" MaxValue="65535"/>
</Config>