﻿<?xml version="1.0" encoding="utf-8" ?>
<Config>
  <Field Key="IPAddress" FieldName="IP地址" ControlName="txtIPAddress" DeviceFieldType="IP" FieldByteLength="4" IsReverse="False" DefaultValue="10.1.1.11" IsAllowEmpty="True" />
  <Field Key="Mask" FieldName="子网掩码" ControlName="txtMask" DeviceFieldType="IP" FieldByteLength="4" IsReverse="False" DefaultValue="255.0.0.0" IsAllowEmpty="True" />
  <Field Key="NetGateway" FieldName="网关" ControlName="txtNetGateway" DeviceFieldType="IP" FieldByteLength="4" IsReverse="False" DefaultValue="10.1.1.200" IsAllowEmpty="True" />
  <Field Key="AutoIP" FieldName="自动获取IP" ControlName="cbAutoIP" DeviceFieldType="Bool" FieldByteLength="4" IsReverse="False" DefaultValue="False" IsAllowEmpty="True" />
  <Field Key="ModuleType" FieldName="模块型号" DeviceFieldType="Bytes" FieldByteLength="2" IsReverse="False" IsAllowEmpty="True" />
  <Field Key="ModuleVersion" FieldName="版本号" DeviceFieldType="Bytes" FieldByteLength="2" IsReverse="False" IsAllowEmpty="True" />
  <Field Key="DeviceName" FieldName="设备名称" ControlName="txtDeviceName" DeviceFieldType="String" FieldByteLength="20" IsReverse="False" DefaultValue="" IsAllowEmpty="True" />
  <!--<Field Key="Divide" DeviceFieldType="Divide"/>
  <Field Key="WorkType" FieldName="工作模式" ControlName="cmbWorkType" DeviceFieldType="Int" FieldByteLength="4" IsReverse="False" DefaultValue="0" IsAllowEmpty="True" />
  <Field Key="ServerAddress" FieldName="服务器IP地址或域名" ControlName="txtServerAddress" DeviceFieldType="String" FieldByteLength="64" IsReverse="False" DefaultValue="10.1.2.132" IsAllowEmpty="True" />
  <Field Key="ServerPort" FieldName="服务器端口号" ControlName="txtServerPort" DeviceFieldType="Int" FieldByteLength="4" IsReverse="False" DefaultValue="9876" IsAllowEmpty="False" MinValue="1" MaxValue="65535" />
  <Field Key="DNS" FieldName="DNS服务器" ControlName="txtDNS" DeviceFieldType="IP" FieldByteLength="4" IsReverse="True" DefaultValue="8.8.8.8" IsAllowEmpty="True" />
  <Field Key="ModuleId" FieldName="模块ID" ControlName="txtModuleId" DeviceFieldType="Int" FieldByteLength="4" IsReverse="False" DefaultValue="0" IsAllowEmpty="True" />
  <Field Key="AutoUpload" FieldName="自动上传数据" ControlName="cbAutoUpload" DeviceFieldType="Bool" FieldByteLength="4" IsReverse="False" DefaultValue="False" IsAllowEmpty="True" />-->
</Config>