﻿<?xml version="1.0" encoding="utf-8" standalone="yes"?>
<ThemeInfo>
  <ThemeFile>ButtonStyle.xaml</ThemeFile>
  <ThemeFile>CheckBoxStyle.xaml</ThemeFile>
  <ThemeFile>ComboBoxStyle.xaml</ThemeFile>
  <ThemeFile>ExpanderStyle.xaml</ThemeFile>
  <ThemeFile>FlashControlStyle.xaml</ThemeFile>
  <ThemeFile>FrameworkWindowStyle.xaml</ThemeFile>
  <ThemeFile>GroupBoxStyle.xaml</ThemeFile>
  <ThemeFile>HelpBrowswStyle.xaml</ThemeFile>
  <ThemeFile>HelpItemStyle.xaml</ThemeFile>
  <ThemeFile>HelpManagerViewStyle.xaml</ThemeFile>
  <ThemeFile>ListBoxItemStyle.xaml</ThemeFile>
  <ThemeFile>MapDialog.xaml</ThemeFile>
  <ThemeFile>MenuStyle.xaml</ThemeFile>
  <ThemeFile>MapTabControlStyle.xaml</ThemeFile>
  <ThemeFile>PopupDialog.xaml</ThemeFile>
  <ThemeFile>RadioButtonStyle.xaml</ThemeFile>
  <ThemeFile>ScrollViwerStyle.xaml</ThemeFile>
  <ThemeFile>ToggleButtonStyle.xaml</ThemeFile>
  <ThemeFile>ToggleButtonStyleV2.xaml</ThemeFile>
  <ThemeFile>TreeSliderStyle.xaml</ThemeFile>
  <ThemeFile>WizardContentDirectorStyle.xaml</ThemeFile>
  <ThemeFile>UiDataGridView.xaml</ThemeFile>
  <ThemeFile>UiGridStyle.xaml</ThemeFile>
  <ThemeFile>XamTabControlStyle.xaml</ThemeFile>
  <ThemeFile>UiTreeListView.xaml</ThemeFile>
  <ThemeFile>Office2007MenuStyle.xaml</ThemeFile>
  <ThemeFile>StutusBarStyle.xaml</ThemeFile>
  <ThemeFile>ReportRecentButtonStyle.xaml</ThemeFile>
  <ThemeFile>ReportExpanderStyle.xaml</ThemeFile>
  <ThemeFile>ReportingControlStyle.xaml</ThemeFile>
  <ThemeFile>ProgressBarStyle.xaml</ThemeFile>
  <ThemeFile>TextBoxStyle.xaml</ThemeFile>
  <ThemeFile>MapButtonStylesAndTemplates.xaml</ThemeFile>
</ThemeInfo>