﻿<?xml version="1.0" encoding="utf-8" standalone="yes"?>
<Config>
  <Device Model="599">
    <Item StartAddress="40100" AddressCount="5" ReadCommand="3" WriteSingleCommand="6" WriteMultipleCommand="16" />
    <Item StartAddress="40105" AddressCount="60" ReadCommand="3" WriteSingleCommand="6" WriteMultipleCommand="16" />
    <Item StartAddress="100" AddressCount="8" ReadCommand="1" WriteSingleCommand="5" WriteMultipleCommand="15" />
    <Item StartAddress="108" AddressCount="8" ReadCommand="1" WriteSingleCommand="5" WriteMultipleCommand="15" />
    <Item StartAddress="40300" AddressCount="16" ReadCommand="3" WriteSingleCommand="6" WriteMultipleCommand="16" />
  </Device>
  <Device Model="5134" WriteProtectionAddress="19" WriteProtectionAddressCount="1" WriteProtectionCommand="16" WriteProtectionData="0x5A01">
    <Item StartAddress="40001" AddressCount="14" ReadCommand="3" WriteSingleCommand="6" WriteMultipleCommand="16" IsWriteProtection="true" />
    <Item StartAddress="40015" AddressCount="1" ReadCommand="0" WriteSingleCommand="6" WriteMultipleCommand="16" IsWriteProtection="true"/>
    <Item StartAddress="40016" AddressCount="2" ReadCommand="3" WriteSingleCommand="6" WriteMultipleCommand="16" IsWriteProtection="true"/>
    <Item StartAddress="40018" AddressCount="1" ReadCommand="0" WriteSingleCommand="6" WriteMultipleCommand="16" IsWriteProtection="true"/>
    <Item StartAddress="40019" AddressCount="1" ReadCommand="0" WriteSingleCommand="6" WriteMultipleCommand="16" IsWriteProtection="true"/>

    <Item StartAddress="100" AddressCount="16" ReadCommand="1" WriteSingleCommand="5" WriteMultipleCommand="15" />
    <Item StartAddress="10200" AddressCount="2" ReadCommand="2" WriteSingleCommand="0" WriteMultipleCommand="0" />
    <Item StartAddress="40300" AddressCount="29" ReadCommand="3" WriteSingleCommand="6" WriteMultipleCommand="16" />
  </Device>
  <Device Model="5122" WriteProtectionAddress="19" WriteProtectionAddressCount="1" WriteProtectionCommand="16" WriteProtectionData="0x5A01">
    <Item StartAddress="40001" AddressCount="14" ReadCommand="3" WriteSingleCommand="6" WriteMultipleCommand="16" IsWriteProtection="true"/>
    <Item StartAddress="40015" AddressCount="1" ReadCommand="0" WriteSingleCommand="6" WriteMultipleCommand="16" IsWriteProtection="true"/>
    <Item StartAddress="40016" AddressCount="2" ReadCommand="3" WriteSingleCommand="6" WriteMultipleCommand="16" IsWriteProtection="true"/>
    <Item StartAddress="40018" AddressCount="1" ReadCommand="0" WriteSingleCommand="6" WriteMultipleCommand="16" IsWriteProtection="true"/>
    <Item StartAddress="40019" AddressCount="1" ReadCommand="0" WriteSingleCommand="6" WriteMultipleCommand="16" IsWriteProtection="true"/>

    <Item StartAddress="100" AddressCount="8" ReadCommand="1" WriteSingleCommand="5" WriteMultipleCommand="15" />
    <Item StartAddress="10200" AddressCount="4" ReadCommand="2" WriteSingleCommand="0" WriteMultipleCommand="0" />
    <Item StartAddress="40300" AddressCount="33" ReadCommand="3" WriteSingleCommand="6" WriteMultipleCommand="16" />
  </Device>
  <Device Model="5133" WriteProtectionAddress="19" WriteProtectionAddressCount="1" WriteProtectionCommand="16" WriteProtectionData="0x5A01">
    <Item StartAddress="40001" AddressCount="14" ReadCommand="3" WriteSingleCommand="6" WriteMultipleCommand="16" IsWriteProtection="true"/>
    <Item StartAddress="40015" AddressCount="1" ReadCommand="0" WriteSingleCommand="6" WriteMultipleCommand="16" IsWriteProtection="true"/>
    <Item StartAddress="40016" AddressCount="2" ReadCommand="3" WriteSingleCommand="6" WriteMultipleCommand="16" IsWriteProtection="true"/>
    <Item StartAddress="40018" AddressCount="1" ReadCommand="0" WriteSingleCommand="6" WriteMultipleCommand="16" IsWriteProtection="true"/>
    <Item StartAddress="40019" AddressCount="1" ReadCommand="0" WriteSingleCommand="6" WriteMultipleCommand="16" IsWriteProtection="true"/>

    <Item StartAddress="100" AddressCount="4" ReadCommand="1" WriteSingleCommand="5" WriteMultipleCommand="15" />
    <Item StartAddress="10200" AddressCount="8" ReadCommand="2" WriteSingleCommand="0" WriteMultipleCommand="0" />
    <Item StartAddress="40300" AddressCount="53" ReadCommand="3" WriteSingleCommand="6" WriteMultipleCommand="16" />
  </Device>
  <Device Model="4884" WriteProtectionAddress="19" WriteProtectionAddressCount="1" WriteProtectionCommand="16" WriteProtectionData="0x5A01">
    <Item StartAddress="40001" AddressCount="14" ReadCommand="3" WriteSingleCommand="6" WriteMultipleCommand="16" IsWriteProtection="true"/>
    <Item StartAddress="40015" AddressCount="1" ReadCommand="0" WriteSingleCommand="6" WriteMultipleCommand="16" IsWriteProtection="true"/>
    <Item StartAddress="40016" AddressCount="2" ReadCommand="3" WriteSingleCommand="6" WriteMultipleCommand="16" IsWriteProtection="true"/>
    <Item StartAddress="40018" AddressCount="1" ReadCommand="0" WriteSingleCommand="6" WriteMultipleCommand="16" IsWriteProtection="true"/>
    <Item StartAddress="40019" AddressCount="1" ReadCommand="0" WriteSingleCommand="6" WriteMultipleCommand="16" IsWriteProtection="true"/>

    <Item StartAddress="100" AddressCount="16" ReadCommand="1" WriteSingleCommand="5" WriteMultipleCommand="15" />
    <Item StartAddress="10200" AddressCount="8" ReadCommand="2" WriteSingleCommand="0" WriteMultipleCommand="0" />
    <Item StartAddress="40300" AddressCount="65" ReadCommand="3" WriteSingleCommand="6" WriteMultipleCommand="16" />
  </Device>
</Config>