﻿<?xml version="1.0" encoding="utf-8" ?>
<dlls>
  <dll FileName="UiAccess.dll" InitType="UiSys.UiObject.UiAccessInitClass" InitMethod="InitDllAllClass"></dll>
  <dll FileName="UiDevice.dll" InitType="UiSys.UiObject.UiDeviceInitClass" InitMethod="InitDllAllClass"></dll>
  <dll FileName="UiWorkStation.dll" InitType="UiSys.UiObject.UiWorkStationInitClass" InitMethod="InitDllAllClass"></dll>
  <dll FileName="UiMediaObject.dll" InitType="UiSys.UiObject.UiMediaObjectInitClass" InitMethod="InitDllAllClass"></dll>
</dlls>