<?xml version="1.0" encoding="utf-8" ?>
<dlls>
  <dll FileName="UiSys.UiMessageSerializer0000_0001.dll"></dll>
  <dll FileName="UiSys.UiMessageSerializer0002_0003.dll"></dll>
  <dll FileName="UiSys.UiMessageSerializer0004_0005.dll"></dll>
  <dll FileName="UiSys.UiMessageSerializer0008_0009.dll"></dll>
  <dll FileName="UiSys.UiMessageSerializer000A_000B.dll"></dll>
  <dll FileName="UiSys.UiMessageSerializer000E_000F.dll"></dll>
  <dll FileName="UiSys.UiMessageSerializer0012_0013.dll"></dll>
</dlls>