﻿<?xml version="1.0" encoding="utf-8"?>
<ConditionInfos>
  <ConditionType Title="IntegrationWorkStation.ReportConfig.SelectOperationType">
    <Condition Value="1">
      <Caption>IntegrationWorkStation.ReportConfig.DeviceLog</Caption>
      <ClassId>12</ClassId>
      <IsSearchChild>True</IsSearchChild>
      <Tag></Tag>
    </Condition>
    <Condition Value="2">
      <Caption>IntegrationWorkStation.ReportConfig.AreaGroupLog</Caption>
      <ClassId>63</ClassId>
      <IsSearchChild>False</IsSearchChild>
      <Tag></Tag>
    </Condition>
    <Condition Value="8">
      <Caption>IntegrationWorkStation.ReportConfig.OtherLog</Caption>
      <ClassId>无</ClassId>
      <IsSearchChild>False</IsSearchChild>
      <Tag>BR
      </Tag>
    </Condition>
  </ConditionType>
</ConditionInfos>