﻿<?xml version="1.0" encoding="utf-8" ?>
<mainMenu>
  <menu type="DropDownMenu" name="" caption="数据维护" label="数据维护" imagePath="Images\MainMenu\OperatSetting.png">
    <menu type="MenuItem" name="" caption="管理告警类型" description="" imagePath="Images\MainMenu\OperatSetting.png"  click="AlarmClassManager" >
    </menu>
    <menu type="DropDownMenu" name="" caption="组态相关" label="组态相关" imagePath="Images\MainMenu\OperatSetting.png">
      <menu type="MenuItem" name="" caption="管理简易视图元件" description="" imagePath="Images\MainMenu\OperatSetting.png"  click="ManagerCustomSimplenessCell" >
      </menu>
      <menu type="MenuItem" name="" caption="管理简易视图模板" description="" imagePath="Images\MainMenu\OperatSetting.png"  click="ManagerSimpleFileObject" >
      </menu>
    </menu>
    <menu type="MenuItem" name="" caption="设置监听端口" description="" imagePath="Images\MainMenu\OperatSetting.png"  click="SetListenPort" >
    </menu>
  </menu>
</mainMenu>