﻿<?xml version="1.0" encoding="utf-8" standalone="yes"?>
<Config>
  <DevicePoint Index="1" Address="40001" Count="1" Type="Model" IsReverse="true" ValueLength="0" MinValue="0" MaxValue="0" Bit="0" ReadCommand="3" WriteSingleCommand="6" WriteMultipleCommand="16" IsWriteProtection="true" IsAutoUploadData="false" />
  <DevicePoint Index="2" Address="40002" Count="1" Type="UShort" IsReverse="true" ValueLength="0" MinValue="0" MaxValue="0" Bit="0" ReadCommand="3" WriteSingleCommand="6" WriteMultipleCommand="16" IsWriteProtection="true" IsAutoUploadData="false" />
  <DevicePoint Index="3" Address="40003" Count="10" Type="String" IsReverse="true" ValueLength="20" MinValue="0" MaxValue="0" Bit="0" ReadCommand="3" WriteSingleCommand="6" WriteMultipleCommand="16" IsWriteProtection="true" IsAutoUploadData="false" />
  <DevicePoint Index="4" Address="40013" Count="1" Type="UShort" IsReverse="true" ValueLength="3" MinValue="1" MaxValue="255" Bit="0" ReadCommand="3" WriteSingleCommand="6" WriteMultipleCommand="16" IsWriteProtection="true" IsAutoUploadData="false" />
  <DevicePoint Index="5" Address="40014" Count="1" Type="Baudrate" IsReverse="true" ValueLength="0" MinValue="0" MaxValue="0" Bit="0" ReadCommand="3" WriteSingleCommand="6" WriteMultipleCommand="16" IsWriteProtection="true" IsAutoUploadData="false" />
  <DevicePoint Index="6" Address="40016" Count="1" Type="UShort" IsReverse="true" ValueLength="0" MinValue="0" MaxValue="0" Bit="0" ReadCommand="3" WriteSingleCommand="6" WriteMultipleCommand="16" IsWriteProtection="true" IsAutoUploadData="false" />
  <DevicePoint Index="7" Address="40017" Count="1" Type="UShort" IsReverse="true" ValueLength="0" MinValue="0" MaxValue="0" Bit="0" ReadCommand="3" WriteSingleCommand="6" WriteMultipleCommand="16" IsWriteProtection="true" IsAutoUploadData="false" />
  <DevicePoint Index="8" Address="10200" Count="1" Type="UShort" IsReverse="true" ValueLength="0" MinValue="0" MaxValue="0" Bit="0" ReadCommand="2" WriteSingleCommand="0" WriteMultipleCommand="0" IsWriteProtection="false" IsAutoUploadData="false" />
  <DevicePoint Index="9" Address="10201" Count="1" Type="UShort" IsReverse="true" ValueLength="0" MinValue="0" MaxValue="0" Bit="0" ReadCommand="2" WriteSingleCommand="0" WriteMultipleCommand="0" IsWriteProtection="false" IsAutoUploadData="false" />
  <DevicePoint Index="10" Address="10202" Count="1" Type="UShort" IsReverse="true" ValueLength="0" MinValue="0" MaxValue="0" Bit="0" ReadCommand="2" WriteSingleCommand="0" WriteMultipleCommand="0" IsWriteProtection="false" IsAutoUploadData="false" />
  <DevicePoint Index="11" Address="10203" Count="1" Type="UShort" IsReverse="true" ValueLength="0" MinValue="0" MaxValue="0" Bit="0" ReadCommand="2" WriteSingleCommand="0" WriteMultipleCommand="0" IsWriteProtection="false" IsAutoUploadData="false" />
  <DevicePoint Index="12" Address="40300" Count="1" Type="UShort" IsReverse="true" ValueLength="1" MinValue="0" MaxValue="0" Bit="0" ReadCommand="3" WriteSingleCommand="6" WriteMultipleCommand="16" IsWriteProtection="false" IsAutoUploadData="false" />
  <DevicePoint Index="13" Address="40301" Count="1" Type="UShort" IsReverse="true" ValueLength="1" MinValue="0" MaxValue="0" Bit="0" ReadCommand="3" WriteSingleCommand="6" WriteMultipleCommand="16" IsWriteProtection="false" IsAutoUploadData="false" />
  <DevicePoint Index="14" Address="40302" Count="1" Type="UShort" IsReverse="true" ValueLength="1" MinValue="0" MaxValue="0" Bit="0" ReadCommand="3" WriteSingleCommand="6" WriteMultipleCommand="16" IsWriteProtection="false" IsAutoUploadData="false" />
  <DevicePoint Index="15" Address="40303" Count="1" Type="UShort" IsReverse="true" ValueLength="1" MinValue="0" MaxValue="0" Bit="0" ReadCommand="3" WriteSingleCommand="6" WriteMultipleCommand="16" IsWriteProtection="false" IsAutoUploadData="false" />
  <DevicePoint Index="16" Address="40304" Count="1" Type="UShort" IsReverse="true" ValueLength="1" MinValue="0" MaxValue="0" Bit="0" ReadCommand="3" WriteSingleCommand="6" WriteMultipleCommand="16" IsWriteProtection="false" IsAutoUploadData="false" />
  <DevicePoint Index="17" Address="40305" Count="1" Type="UShort" IsReverse="true" ValueLength="1" MinValue="0" MaxValue="0" Bit="0" ReadCommand="3" WriteSingleCommand="6" WriteMultipleCommand="16" IsWriteProtection="false" IsAutoUploadData="false" />
  <DevicePoint Index="18" Address="40306" Count="1" Type="UShort" IsReverse="true" ValueLength="1" MinValue="0" MaxValue="0" Bit="0" ReadCommand="3" WriteSingleCommand="6" WriteMultipleCommand="16" IsWriteProtection="false" IsAutoUploadData="false" />
  <DevicePoint Index="19" Address="40307" Count="1" Type="UShort" IsReverse="true" ValueLength="1" MinValue="0" MaxValue="0" Bit="0" ReadCommand="3" WriteSingleCommand="6" WriteMultipleCommand="16" IsWriteProtection="false" IsAutoUploadData="false" />
  <DevicePoint Index="20" Address="40308" Count="1" Type="UShort" IsReverse="true" ValueLength="5" MinValue="0" MaxValue="65535" Bit="0" ReadCommand="3" WriteSingleCommand="6" WriteMultipleCommand="16" IsWriteProtection="false" IsAutoUploadData="false" />
  <DevicePoint Index="21" Address="40309" Count="1" Type="UShort" IsReverse="true" ValueLength="5" MinValue="0" MaxValue="65535" Bit="0" ReadCommand="3" WriteSingleCommand="6" WriteMultipleCommand="16" IsWriteProtection="false" IsAutoUploadData="false" />
  <DevicePoint Index="22" Address="40310" Count="1" Type="UShort" IsReverse="true" ValueLength="5" MinValue="0" MaxValue="65535" Bit="0" ReadCommand="3" WriteSingleCommand="6" WriteMultipleCommand="16" IsWriteProtection="false" IsAutoUploadData="false" />
  <DevicePoint Index="23" Address="40311" Count="1" Type="UShort" IsReverse="true" ValueLength="5" MinValue="0" MaxValue="65535" Bit="0" ReadCommand="3" WriteSingleCommand="6" WriteMultipleCommand="16" IsWriteProtection="false" IsAutoUploadData="false" />
  <DevicePoint Index="24" Address="40312" Count="1" Type="UShort" IsReverse="true" ValueLength="5" MinValue="0" MaxValue="65535" Bit="0" ReadCommand="3" WriteSingleCommand="6" WriteMultipleCommand="16" IsWriteProtection="false" IsAutoUploadData="false" />
  <DevicePoint Index="25" Address="40313" Count="1" Type="UShort" IsReverse="true" ValueLength="5" MinValue="0" MaxValue="65535" Bit="0" ReadCommand="3" WriteSingleCommand="6" WriteMultipleCommand="16" IsWriteProtection="false" IsAutoUploadData="false" />
  <DevicePoint Index="26" Address="40314" Count="1" Type="UShort" IsReverse="true" ValueLength="5" MinValue="0" MaxValue="65535" Bit="0" ReadCommand="3" WriteSingleCommand="6" WriteMultipleCommand="16" IsWriteProtection="false" IsAutoUploadData="false" />
  <DevicePoint Index="27" Address="40315" Count="1" Type="UShort" IsReverse="true" ValueLength="5" MinValue="0" MaxValue="65535" Bit="0" ReadCommand="3" WriteSingleCommand="6" WriteMultipleCommand="16" IsWriteProtection="false" IsAutoUploadData="false" />
  <DevicePoint Index="28" Address="40316" Count="1" Type="UShort" IsReverse="true" ValueLength="5" MinValue="0" MaxValue="65535" Bit="0" ReadCommand="3" WriteSingleCommand="6" WriteMultipleCommand="16" IsWriteProtection="false" IsAutoUploadData="false" />
  <DevicePoint Index="29" Address="40317" Count="1" Type="UShort" IsReverse="true" ValueLength="5" MinValue="0" MaxValue="65535" Bit="0" ReadCommand="3" WriteSingleCommand="6" WriteMultipleCommand="16" IsWriteProtection="false" IsAutoUploadData="false" />
  <DevicePoint Index="30" Address="40318" Count="1" Type="UShort" IsReverse="true" ValueLength="5" MinValue="0" MaxValue="65535" Bit="0" ReadCommand="3" WriteSingleCommand="6" WriteMultipleCommand="16" IsWriteProtection="false" IsAutoUploadData="false" />
  <DevicePoint Index="31" Address="40319" Count="1" Type="UShort" IsReverse="true" ValueLength="5" MinValue="0" MaxValue="65535" Bit="0" ReadCommand="3" WriteSingleCommand="6" WriteMultipleCommand="16" IsWriteProtection="false" IsAutoUploadData="false" />
  <DevicePoint Index="32" Address="40320" Count="1" Type="UShort" IsReverse="true" ValueLength="5" MinValue="1" MaxValue="65535" Bit="0" ReadCommand="3" WriteSingleCommand="6" WriteMultipleCommand="16" IsWriteProtection="false" IsAutoUploadData="false" />
  <DevicePoint Index="33" Address="40321" Count="1" Type="UShort" IsReverse="true" ValueLength="5" MinValue="1" MaxValue="65535" Bit="0" ReadCommand="3" WriteSingleCommand="6" WriteMultipleCommand="16" IsWriteProtection="false" IsAutoUploadData="false" />
  <DevicePoint Index="34" Address="40322" Count="1" Type="UShort" IsReverse="true" ValueLength="5" MinValue="1" MaxValue="65535" Bit="0" ReadCommand="3" WriteSingleCommand="6" WriteMultipleCommand="16" IsWriteProtection="false" IsAutoUploadData="false" />
  <DevicePoint Index="35" Address="40323" Count="1" Type="UShort" IsReverse="true" ValueLength="5" MinValue="1" MaxValue="65535" Bit="0" ReadCommand="3" WriteSingleCommand="6" WriteMultipleCommand="16" IsWriteProtection="false" IsAutoUploadData="false" />
  <DevicePoint Index="36" Address="40324" Count="1" Type="UShort" IsReverse="true" ValueLength="1" MinValue="0" MaxValue="1" Bit="1" ReadCommand="3" WriteSingleCommand="6" WriteMultipleCommand="16" IsWriteProtection="false" IsAutoUploadData="false" />
  <DevicePoint Index="37" Address="40324" Count="1" Type="UShort" IsReverse="true" ValueLength="1" MinValue="0" MaxValue="1" Bit="2" ReadCommand="3" WriteSingleCommand="6" WriteMultipleCommand="16" IsWriteProtection="false" IsAutoUploadData="false" />
  <DevicePoint Index="38" Address="40324" Count="1" Type="UShort" IsReverse="true" ValueLength="1" MinValue="0" MaxValue="1" Bit="3" ReadCommand="3" WriteSingleCommand="6" WriteMultipleCommand="16" IsWriteProtection="false" IsAutoUploadData="false" />
  <DevicePoint Index="39" Address="40324" Count="1" Type="UShort" IsReverse="true" ValueLength="1" MinValue="0" MaxValue="1" Bit="4" ReadCommand="3" WriteSingleCommand="6" WriteMultipleCommand="16" IsWriteProtection="false" IsAutoUploadData="false" />
</Config>