﻿<?xml version="1.0" encoding="utf-8" standalone="yes"?>
<Config>
  <DevicePoint Index="1" Address="40001" Count="1" Type="Model" IsReverse="true" ValueLength="0" MinValue="0" MaxValue="0" Bit="0" ReadCommand="3" WriteSingleCommand="6" WriteMultipleCommand="16" IsWriteProtection="true" IsAutoUploadData="false" />
  <DevicePoint Index="2" Address="40002" Count="1" Type="UShort" IsReverse="true" ValueLength="0" MinValue="0" MaxValue="0" Bit="0" ReadCommand="3" WriteSingleCommand="6" WriteMultipleCommand="16" IsWriteProtection="true" IsAutoUploadData="false" />
  <DevicePoint Index="3" Address="40003" Count="10" Type="String" IsReverse="true" ValueLength="20" MinValue="0" MaxValue="0" Bit="0" ReadCommand="3" WriteSingleCommand="6" WriteMultipleCommand="16" IsWriteProtection="true" IsAutoUploadData="false" />
  <DevicePoint Index="4" Address="40013" Count="1" Type="UShort" IsReverse="true" ValueLength="3" MinValue="1" MaxValue="255" Bit="0" ReadCommand="3" WriteSingleCommand="6" WriteMultipleCommand="16" IsWriteProtection="true" IsAutoUploadData="false" />
  <DevicePoint Index="5" Address="40014" Count="1" Type="Baudrate" IsReverse="true" ValueLength="0" MinValue="0" MaxValue="0" Bit="0" ReadCommand="3" WriteSingleCommand="6" WriteMultipleCommand="16" IsWriteProtection="true" IsAutoUploadData="false" />
  <DevicePoint Index="6" Address="40016" Count="1" Type="UShort" IsReverse="true" ValueLength="0" MinValue="0" MaxValue="0" Bit="0" ReadCommand="3" WriteSingleCommand="6" WriteMultipleCommand="16" IsWriteProtection="true" IsAutoUploadData="false" />
  <DevicePoint Index="7" Address="40017" Count="1" Type="UShort" IsReverse="true" ValueLength="0" MinValue="0" MaxValue="0" Bit="0" ReadCommand="3" WriteSingleCommand="6" WriteMultipleCommand="16" IsWriteProtection="true" IsAutoUploadData="false" />
  <DevicePoint Index="8" Address="40400" Count="1" Type="UShort" IsReverse="true" ValueLength="0" MinValue="0" MaxValue="0" Bit="0" ReadCommand="3" WriteSingleCommand="0" WriteMultipleCommand="0" IsWriteProtection="false" IsAutoUploadData="false" />
  <DevicePoint Index="9" Address="40401" Count="1" Type="UShort" IsReverse="true" ValueLength="0" MinValue="0" MaxValue="0" Bit="0" ReadCommand="3" WriteSingleCommand="0" WriteMultipleCommand="0" IsWriteProtection="false" IsAutoUploadData="false" />
  <DevicePoint Index="10" Address="40402" Count="1" Type="UShort" IsReverse="true" ValueLength="0" MinValue="0" MaxValue="0" Bit="0" ReadCommand="3" WriteSingleCommand="0" WriteMultipleCommand="0" IsWriteProtection="false" IsAutoUploadData="false" />
  <DevicePoint Index="11" Address="40403" Count="1" Type="UShort" IsReverse="true" ValueLength="0" MinValue="0" MaxValue="0" Bit="0" ReadCommand="3" WriteSingleCommand="0" WriteMultipleCommand="0" IsWriteProtection="false" IsAutoUploadData="false" />
  <DevicePoint Index="12" Address="40404" Count="1" Type="UShort" IsReverse="true" ValueLength="0" MinValue="0" MaxValue="0" Bit="0" ReadCommand="3" WriteSingleCommand="0" WriteMultipleCommand="0" IsWriteProtection="false" IsAutoUploadData="false" />
  <DevicePoint Index="13" Address="40405" Count="1" Type="UShort" IsReverse="true" ValueLength="0" MinValue="0" MaxValue="0" Bit="0" ReadCommand="3" WriteSingleCommand="0" WriteMultipleCommand="0" IsWriteProtection="false" IsAutoUploadData="false" />
</Config>