﻿<?xml version="1.0" encoding="utf-8" standalone="yes"?>
<Config>
  <DevicePoint Index="1" Address="40001" Count="1" Type="Model" IsReverse="true" ValueLength="0" MinValue="0" MaxValue="0" Bit="0" ReadCommand="3" WriteSingleCommand="6" WriteMultipleCommand="16" IsWriteProtection="true" IsAutoUploadData="false" />
  <DevicePoint Index="2" Address="40002" Count="1" Type="UShort" IsReverse="true" ValueLength="0" MinValue="0" MaxValue="0" Bit="0" ReadCommand="3" WriteSingleCommand="6" WriteMultipleCommand="16" IsWriteProtection="true" IsAutoUploadData="false" />
  <DevicePoint Index="3" Address="40003" Count="10" Type="String" IsReverse="true" ValueLength="20" MinValue="0" MaxValue="0" Bit="0" ReadCommand="3" WriteSingleCommand="6" WriteMultipleCommand="16" IsWriteProtection="true" IsAutoUploadData="false" />
  <DevicePoint Index="4" Address="40013" Count="1" Type="UShort" IsReverse="true" ValueLength="3" MinValue="1" MaxValue="255" Bit="0" ReadCommand="3" WriteSingleCommand="6" WriteMultipleCommand="16" IsWriteProtection="true" IsAutoUploadData="false" />
  <DevicePoint Index="5" Address="40014" Count="1" Type="Baudrate" IsReverse="true" ValueLength="0" MinValue="0" MaxValue="0" Bit="0" ReadCommand="3" WriteSingleCommand="6" WriteMultipleCommand="16" IsWriteProtection="true" IsAutoUploadData="false" />
  <DevicePoint Index="6" Address="40016" Count="1" Type="UShort" IsReverse="true" ValueLength="0" MinValue="0" MaxValue="0" Bit="0" ReadCommand="3" WriteSingleCommand="6" WriteMultipleCommand="16" IsWriteProtection="true" IsAutoUploadData="false" />
  <DevicePoint Index="7" Address="40017" Count="1" Type="UShort" IsReverse="true" ValueLength="0" MinValue="0" MaxValue="0" Bit="0" ReadCommand="3" WriteSingleCommand="6" WriteMultipleCommand="16" IsWriteProtection="true" IsAutoUploadData="false" />
  <DevicePoint Index="8" Address="100" Count="1" Type="UShort" IsReverse="true" ValueLength="1" MinValue="0" MaxValue="1" Bit="0" ReadCommand="1" WriteSingleCommand="5" WriteMultipleCommand="15" IsWriteProtection="false" IsAutoUploadData="false" />
  <DevicePoint Index="9" Address="101" Count="1" Type="UShort" IsReverse="true" ValueLength="1" MinValue="0" MaxValue="1" Bit="0" ReadCommand="1" WriteSingleCommand="5" WriteMultipleCommand="15" IsWriteProtection="false" IsAutoUploadData="false" />
  <DevicePoint Index="10" Address="10200" Count="1" Type="UShort" IsReverse="true" ValueLength="0" MinValue="0" MaxValue="0" Bit="0" ReadCommand="2" WriteSingleCommand="0" WriteMultipleCommand="0" IsWriteProtection="false" IsAutoUploadData="false" />
  <DevicePoint Index="11" Address="10201" Count="1" Type="UShort" IsReverse="true" ValueLength="0" MinValue="0" MaxValue="0" Bit="0" ReadCommand="2" WriteSingleCommand="0" WriteMultipleCommand="0" IsWriteProtection="false" IsAutoUploadData="false" />
  <DevicePoint Index="12" Address="10300" Count="1" Type="UShort" IsReverse="true" ValueLength="0" MinValue="0" MaxValue="0" Bit="0" ReadCommand="2" WriteSingleCommand="0" WriteMultipleCommand="0" IsWriteProtection="false" IsAutoUploadData="false" />
  <DevicePoint Index="13" Address="10301" Count="1" Type="UShort" IsReverse="true" ValueLength="0" MinValue="0" MaxValue="0" Bit="0" ReadCommand="2" WriteSingleCommand="0" WriteMultipleCommand="0" IsWriteProtection="false" IsAutoUploadData="false" />
  <DevicePoint Index="14" Address="40400" Count="1" Type="UShort" IsReverse="true" ValueLength="1" MinValue="0" MaxValue="0" Bit="0" ReadCommand="3" WriteSingleCommand="6" WriteMultipleCommand="16" IsWriteProtection="false" IsAutoUploadData="false" />
  <DevicePoint Index="15" Address="40401" Count="1" Type="UShort" IsReverse="true" ValueLength="1" MinValue="0" MaxValue="0" Bit="0" ReadCommand="3" WriteSingleCommand="6" WriteMultipleCommand="16" IsWriteProtection="false" IsAutoUploadData="false" />
  <DevicePoint Index="16" Address="40402" Count="1" Type="UShort" IsReverse="true" ValueLength="1" MinValue="0" MaxValue="0" Bit="0" ReadCommand="3" WriteSingleCommand="6" WriteMultipleCommand="16" IsWriteProtection="false" IsAutoUploadData="false" />
  <DevicePoint Index="17" Address="40403" Count="1" Type="UShort" IsReverse="true" ValueLength="1" MinValue="0" MaxValue="0" Bit="0" ReadCommand="3" WriteSingleCommand="6" WriteMultipleCommand="16" IsWriteProtection="false" IsAutoUploadData="false" />
  <DevicePoint Index="18" Address="40404" Count="1" Type="UShort" IsReverse="true" ValueLength="5" MinValue="0" MaxValue="65535" Bit="0" ReadCommand="3" WriteSingleCommand="6" WriteMultipleCommand="16" IsWriteProtection="false" IsAutoUploadData="false" />
  <DevicePoint Index="19" Address="40405" Count="1" Type="UShort" IsReverse="true" ValueLength="5" MinValue="0" MaxValue="65535" Bit="0" ReadCommand="3" WriteSingleCommand="6" WriteMultipleCommand="16" IsWriteProtection="false" IsAutoUploadData="false" />
  <DevicePoint Index="20" Address="40406" Count="1" Type="UShort" IsReverse="true" ValueLength="5" MinValue="0" MaxValue="65535" Bit="0" ReadCommand="3" WriteSingleCommand="6" WriteMultipleCommand="16" IsWriteProtection="false" IsAutoUploadData="false" />
  <DevicePoint Index="21" Address="40407" Count="1" Type="UShort" IsReverse="true" ValueLength="5" MinValue="0" MaxValue="65535" Bit="0" ReadCommand="3" WriteSingleCommand="6" WriteMultipleCommand="16" IsWriteProtection="false" IsAutoUploadData="false" />
  <DevicePoint Index="22" Address="40408" Count="1" Type="UShort" IsReverse="true" ValueLength="5" MinValue="0" MaxValue="65535" Bit="0" ReadCommand="3" WriteSingleCommand="6" WriteMultipleCommand="16" IsWriteProtection="false" IsAutoUploadData="false" />
  <DevicePoint Index="23" Address="40409" Count="1" Type="UShort" IsReverse="true" ValueLength="5" MinValue="0" MaxValue="65535" Bit="0" ReadCommand="3" WriteSingleCommand="6" WriteMultipleCommand="16" IsWriteProtection="false" IsAutoUploadData="false" />
  <DevicePoint Index="24" Address="40410" Count="1" Type="UShort" IsReverse="true" ValueLength="5" MinValue="1" MaxValue="65535" Bit="0" ReadCommand="3" WriteSingleCommand="6" WriteMultipleCommand="16" IsWriteProtection="false" IsAutoUploadData="false" />
  <DevicePoint Index="25" Address="40411" Count="1" Type="UShort" IsReverse="true" ValueLength="5" MinValue="1" MaxValue="65535" Bit="0" ReadCommand="3" WriteSingleCommand="6" WriteMultipleCommand="16" IsWriteProtection="false" IsAutoUploadData="false" />
  <DevicePoint Index="26" Address="40412" Count="1" Type="UShort" IsReverse="true" ValueLength="1" MinValue="0" MaxValue="1" Bit="1" ReadCommand="3" WriteSingleCommand="6" WriteMultipleCommand="16" IsWriteProtection="false" IsAutoUploadData="false" />
  <DevicePoint Index="27" Address="40412" Count="1" Type="UShort" IsReverse="true" ValueLength="1" MinValue="0" MaxValue="1" Bit="2" ReadCommand="3" WriteSingleCommand="6" WriteMultipleCommand="16" IsWriteProtection="false" IsAutoUploadData="false" />
  <DevicePoint Index="28" Address="40600" Count="2" Type="Float" IsReverse="true" ValueLength="0" MinValue="0" MaxValue="0" Bit="0" ReadCommand="3" WriteSingleCommand="0" WriteMultipleCommand="0" IsWriteProtection="false" IsAutoUploadData="false" />
  <DevicePoint Index="29" Address="40602" Count="2" Type="Float" IsReverse="true" ValueLength="0" MinValue="0" MaxValue="0" Bit="0" ReadCommand="3" WriteSingleCommand="0" WriteMultipleCommand="0" IsWriteProtection="false" IsAutoUploadData="false" />
  <DevicePoint Index="30" Address="40604" Count="2" Type="Float" IsReverse="true" ValueLength="0" MinValue="0" MaxValue="0" Bit="0" ReadCommand="3" WriteSingleCommand="0" WriteMultipleCommand="0" IsWriteProtection="false" IsAutoUploadData="false" />
  <DevicePoint Index="31" Address="40606" Count="2" Type="Float" IsReverse="true" ValueLength="0" MinValue="0" MaxValue="0" Bit="0" ReadCommand="3" WriteSingleCommand="0" WriteMultipleCommand="0" IsWriteProtection="false" IsAutoUploadData="false" />
  <DevicePoint Index="32" Address="40608" Count="2" Type="Float" IsReverse="true" ValueLength="0" MinValue="0" MaxValue="0" Bit="0" ReadCommand="3" WriteSingleCommand="0" WriteMultipleCommand="0" IsWriteProtection="false" IsAutoUploadData="false" />
  <DevicePoint Index="33" Address="40610" Count="2" Type="Float" IsReverse="true" ValueLength="0" MinValue="0" MaxValue="0" Bit="0" ReadCommand="3" WriteSingleCommand="0" WriteMultipleCommand="0" IsWriteProtection="false" IsAutoUploadData="false" />
  <DevicePoint Index="34" Address="40612" Count="2" Type="Float" IsReverse="true" ValueLength="0" MinValue="0" MaxValue="0" Bit="0" ReadCommand="3" WriteSingleCommand="0" WriteMultipleCommand="0" IsWriteProtection="false" IsAutoUploadData="false" />
  <DevicePoint Index="35" Address="40614" Count="2" Type="Float" IsReverse="true" ValueLength="0" MinValue="0" MaxValue="0" Bit="0" ReadCommand="3" WriteSingleCommand="0" WriteMultipleCommand="0" IsWriteProtection="false" IsAutoUploadData="false" />
  <DevicePoint Index="36" Address="40700" Count="2" Type="UInt" IsReverse="true" ValueLength="0" MinValue="0" MaxValue="0" Bit="0" ReadCommand="3" WriteSingleCommand="0" WriteMultipleCommand="0" IsWriteProtection="false" IsAutoUploadData="false" />
  <DevicePoint Index="37" Address="40702" Count="2" Type="UInt" IsReverse="true" ValueLength="0" MinValue="0" MaxValue="0" Bit="0" ReadCommand="3" WriteSingleCommand="0" WriteMultipleCommand="0" IsWriteProtection="false" IsAutoUploadData="false" />
  <DevicePoint Index="38" Address="40704" Count="2" Type="UInt" IsReverse="true" ValueLength="0" MinValue="0" MaxValue="0" Bit="0" ReadCommand="3" WriteSingleCommand="0" WriteMultipleCommand="0" IsWriteProtection="false" IsAutoUploadData="false" />
  <DevicePoint Index="39" Address="40706" Count="2" Type="UInt" IsReverse="true" ValueLength="0" MinValue="0" MaxValue="0" Bit="0" ReadCommand="3" WriteSingleCommand="0" WriteMultipleCommand="0" IsWriteProtection="false" IsAutoUploadData="false" />
  <DevicePoint Index="40" Address="40708" Count="2" Type="UInt" IsReverse="true" ValueLength="0" MinValue="0" MaxValue="0" Bit="0" ReadCommand="3" WriteSingleCommand="0" WriteMultipleCommand="0" IsWriteProtection="false" IsAutoUploadData="false" />
  <DevicePoint Index="41" Address="40710" Count="2" Type="UInt" IsReverse="true" ValueLength="0" MinValue="0" MaxValue="0" Bit="0" ReadCommand="3" WriteSingleCommand="0" WriteMultipleCommand="0" IsWriteProtection="false" IsAutoUploadData="false" />
  <DevicePoint Index="42" Address="40712" Count="2" Type="UInt" IsReverse="true" ValueLength="0" MinValue="0" MaxValue="0" Bit="0" ReadCommand="3" WriteSingleCommand="0" WriteMultipleCommand="0" IsWriteProtection="false" IsAutoUploadData="false" />
  <DevicePoint Index="43" Address="40714" Count="2" Type="UInt" IsReverse="true" ValueLength="0" MinValue="0" MaxValue="0" Bit="0" ReadCommand="3" WriteSingleCommand="0" WriteMultipleCommand="0" IsWriteProtection="false" IsAutoUploadData="false" />
  <DevicePoint Index="44" Address="40800" Count="2" Type="Float" IsReverse="true" ValueLength="14" MinValue="0" MaxValue="10000" Bit="0" ReadCommand="3" WriteSingleCommand="0" WriteMultipleCommand="16" IsWriteProtection="false" IsAutoUploadData="false" />
  <DevicePoint Index="45" Address="40802" Count="2" Type="Float" IsReverse="true" ValueLength="14" MinValue="0" MaxValue="10000" Bit="0" ReadCommand="3" WriteSingleCommand="0" WriteMultipleCommand="16" IsWriteProtection="false" IsAutoUploadData="false" />
  <DevicePoint Index="46" Address="40804" Count="2" Type="Float" IsReverse="true" ValueLength="14" MinValue="0" MaxValue="10000" Bit="0" ReadCommand="3" WriteSingleCommand="0" WriteMultipleCommand="16" IsWriteProtection="false" IsAutoUploadData="false" />
  <DevicePoint Index="47" Address="40806" Count="2" Type="Float" IsReverse="true" ValueLength="14" MinValue="0" MaxValue="10000" Bit="0" ReadCommand="3" WriteSingleCommand="0" WriteMultipleCommand="16" IsWriteProtection="false" IsAutoUploadData="false" />
  <DevicePoint Index="48" Address="40808" Count="2" Type="Float" IsReverse="true" ValueLength="14" MinValue="0" MaxValue="10000" Bit="0" ReadCommand="3" WriteSingleCommand="0" WriteMultipleCommand="16" IsWriteProtection="false" IsAutoUploadData="false" />
  <DevicePoint Index="49" Address="40810" Count="2" Type="Float" IsReverse="true" ValueLength="14" MinValue="0" MaxValue="10000" Bit="0" ReadCommand="3" WriteSingleCommand="0" WriteMultipleCommand="16" IsWriteProtection="false" IsAutoUploadData="false" />
  <DevicePoint Index="50" Address="40812" Count="2" Type="Float" IsReverse="true" ValueLength="14" MinValue="0" MaxValue="10000" Bit="0" ReadCommand="3" WriteSingleCommand="0" WriteMultipleCommand="16" IsWriteProtection="false" IsAutoUploadData="false" />
  <DevicePoint Index="51" Address="40814" Count="2" Type="Float" IsReverse="true" ValueLength="14" MinValue="0" MaxValue="10000" Bit="0" ReadCommand="3" WriteSingleCommand="0" WriteMultipleCommand="16" IsWriteProtection="false" IsAutoUploadData="false" />
  <DevicePoint Index="52" Address="40900" Count="2" Type="Float" IsReverse="true" ValueLength="14" MinValue="0" MaxValue="10000" Bit="0" ReadCommand="3" WriteSingleCommand="0" WriteMultipleCommand="16" IsWriteProtection="false" IsAutoUploadData="false" />
  <DevicePoint Index="53" Address="40902" Count="2" Type="Float" IsReverse="true" ValueLength="14" MinValue="0" MaxValue="10000" Bit="0" ReadCommand="3" WriteSingleCommand="0" WriteMultipleCommand="16" IsWriteProtection="false" IsAutoUploadData="false" />
  <DevicePoint Index="54" Address="40904" Count="2" Type="Float" IsReverse="true" ValueLength="14" MinValue="0" MaxValue="10000" Bit="0" ReadCommand="3" WriteSingleCommand="0" WriteMultipleCommand="16" IsWriteProtection="false" IsAutoUploadData="false" />
  <DevicePoint Index="55" Address="40906" Count="2" Type="Float" IsReverse="true" ValueLength="14" MinValue="0" MaxValue="10000" Bit="0" ReadCommand="3" WriteSingleCommand="0" WriteMultipleCommand="16" IsWriteProtection="false" IsAutoUploadData="false" />
  <DevicePoint Index="56" Address="40908" Count="2" Type="Float" IsReverse="true" ValueLength="14" MinValue="0" MaxValue="10000" Bit="0" ReadCommand="3" WriteSingleCommand="0" WriteMultipleCommand="16" IsWriteProtection="false" IsAutoUploadData="false" />
  <DevicePoint Index="57" Address="40910" Count="2" Type="Float" IsReverse="true" ValueLength="14" MinValue="0" MaxValue="10000" Bit="0" ReadCommand="3" WriteSingleCommand="0" WriteMultipleCommand="16" IsWriteProtection="false" IsAutoUploadData="false" />
  <DevicePoint Index="58" Address="40912" Count="2" Type="Float" IsReverse="true" ValueLength="14" MinValue="0" MaxValue="10000" Bit="0" ReadCommand="3" WriteSingleCommand="0" WriteMultipleCommand="16" IsWriteProtection="false" IsAutoUploadData="false" />
  <DevicePoint Index="59" Address="40914" Count="2" Type="Float" IsReverse="true" ValueLength="14" MinValue="0" MaxValue="10000" Bit="0" ReadCommand="3" WriteSingleCommand="0" WriteMultipleCommand="16" IsWriteProtection="false" IsAutoUploadData="false" />
  <DevicePoint Index="60" Address="41000" Count="2" Type="Float" IsReverse="true" ValueLength="0" MinValue="0" MaxValue="0" Bit="0" ReadCommand="3" WriteSingleCommand="0" WriteMultipleCommand="0" IsWriteProtection="false" IsAutoUploadData="false" />
  <DevicePoint Index="61" Address="41002" Count="2" Type="Float" IsReverse="true" ValueLength="0" MinValue="0" MaxValue="0" Bit="0" ReadCommand="3" WriteSingleCommand="0" WriteMultipleCommand="0" IsWriteProtection="false" IsAutoUploadData="false" />
  <DevicePoint Index="62" Address="41004" Count="2" Type="Float" IsReverse="true" ValueLength="0" MinValue="0" MaxValue="0" Bit="0" ReadCommand="3" WriteSingleCommand="0" WriteMultipleCommand="0" IsWriteProtection="false" IsAutoUploadData="false" />
  <DevicePoint Index="63" Address="41006" Count="2" Type="Float" IsReverse="true" ValueLength="0" MinValue="0" MaxValue="0" Bit="0" ReadCommand="3" WriteSingleCommand="0" WriteMultipleCommand="0" IsWriteProtection="false" IsAutoUploadData="false" />
  <DevicePoint Index="64" Address="41008" Count="2" Type="Float" IsReverse="true" ValueLength="0" MinValue="0" MaxValue="0" Bit="0" ReadCommand="3" WriteSingleCommand="0" WriteMultipleCommand="0" IsWriteProtection="false" IsAutoUploadData="false" />
  <DevicePoint Index="65" Address="41010" Count="2" Type="Float" IsReverse="true" ValueLength="0" MinValue="0" MaxValue="0" Bit="0" ReadCommand="3" WriteSingleCommand="0" WriteMultipleCommand="0" IsWriteProtection="false" IsAutoUploadData="false" />
  <DevicePoint Index="66" Address="41012" Count="2" Type="Float" IsReverse="true" ValueLength="0" MinValue="0" MaxValue="0" Bit="0" ReadCommand="3" WriteSingleCommand="0" WriteMultipleCommand="0" IsWriteProtection="false" IsAutoUploadData="false" />
  <DevicePoint Index="67" Address="41014" Count="2" Type="Float" IsReverse="true" ValueLength="0" MinValue="0" MaxValue="0" Bit="0" ReadCommand="3" WriteSingleCommand="0" WriteMultipleCommand="0" IsWriteProtection="false" IsAutoUploadData="false" />
  <DevicePoint Index="68" Address="41100" Count="2" Type="Float" IsReverse="true" ValueLength="0" MinValue="0" MaxValue="0" Bit="0" ReadCommand="3" WriteSingleCommand="0" WriteMultipleCommand="0" IsWriteProtection="false" IsAutoUploadData="false" />
  <DevicePoint Index="69" Address="41102" Count="2" Type="Float" IsReverse="true" ValueLength="0" MinValue="0" MaxValue="0" Bit="0" ReadCommand="3" WriteSingleCommand="0" WriteMultipleCommand="0" IsWriteProtection="false" IsAutoUploadData="false" />
  <DevicePoint Index="70" Address="41104" Count="2" Type="Float" IsReverse="true" ValueLength="0" MinValue="0" MaxValue="0" Bit="0" ReadCommand="3" WriteSingleCommand="0" WriteMultipleCommand="0" IsWriteProtection="false" IsAutoUploadData="false" />
  <DevicePoint Index="71" Address="41106" Count="2" Type="Float" IsReverse="true" ValueLength="0" MinValue="0" MaxValue="0" Bit="0" ReadCommand="3" WriteSingleCommand="0" WriteMultipleCommand="0" IsWriteProtection="false" IsAutoUploadData="false" />
  <DevicePoint Index="72" Address="41108" Count="2" Type="Float" IsReverse="true" ValueLength="0" MinValue="0" MaxValue="0" Bit="0" ReadCommand="3" WriteSingleCommand="0" WriteMultipleCommand="0" IsWriteProtection="false" IsAutoUploadData="false" />
  <DevicePoint Index="73" Address="41110" Count="2" Type="Float" IsReverse="true" ValueLength="0" MinValue="0" MaxValue="0" Bit="0" ReadCommand="3" WriteSingleCommand="0" WriteMultipleCommand="0" IsWriteProtection="false" IsAutoUploadData="false" />
  <DevicePoint Index="74" Address="41112" Count="2" Type="Float" IsReverse="true" ValueLength="0" MinValue="0" MaxValue="0" Bit="0" ReadCommand="3" WriteSingleCommand="0" WriteMultipleCommand="0" IsWriteProtection="false" IsAutoUploadData="false" />
  <DevicePoint Index="75" Address="41114" Count="2" Type="Float" IsReverse="true" ValueLength="0" MinValue="0" MaxValue="0" Bit="0" ReadCommand="3" WriteSingleCommand="0" WriteMultipleCommand="0" IsWriteProtection="false" IsAutoUploadData="false" />
  <DevicePoint Index="76" Address="41200" Count="2" Type="UInt" IsReverse="true" ValueLength="8" MinValue="0" MaxValue="16777215" Bit="0" ReadCommand="3" WriteSingleCommand="6" WriteMultipleCommand="16" IsWriteProtection="false" IsAutoUploadData="false" />
  <DevicePoint Index="77" Address="41202" Count="2" Type="UInt" IsReverse="true" ValueLength="8" MinValue="0" MaxValue="16777215" Bit="0" ReadCommand="3" WriteSingleCommand="6" WriteMultipleCommand="16" IsWriteProtection="false" IsAutoUploadData="false" />
  <DevicePoint Index="78" Address="41204" Count="2" Type="UInt" IsReverse="true" ValueLength="8" MinValue="0" MaxValue="16777215" Bit="0" ReadCommand="3" WriteSingleCommand="6" WriteMultipleCommand="16" IsWriteProtection="false" IsAutoUploadData="false" />
  <DevicePoint Index="79" Address="41206" Count="2" Type="UInt" IsReverse="true" ValueLength="8" MinValue="0" MaxValue="16777215" Bit="0" ReadCommand="3" WriteSingleCommand="6" WriteMultipleCommand="16" IsWriteProtection="false" IsAutoUploadData="false" />
  <DevicePoint Index="80" Address="41208" Count="2" Type="UInt" IsReverse="true" ValueLength="8" MinValue="0" MaxValue="16777215" Bit="0" ReadCommand="3" WriteSingleCommand="6" WriteMultipleCommand="16" IsWriteProtection="false" IsAutoUploadData="false" />
  <DevicePoint Index="81" Address="41210" Count="2" Type="UInt" IsReverse="true" ValueLength="8" MinValue="0" MaxValue="16777215" Bit="0" ReadCommand="3" WriteSingleCommand="6" WriteMultipleCommand="16" IsWriteProtection="false" IsAutoUploadData="false" />
  <DevicePoint Index="82" Address="41212" Count="2" Type="UInt" IsReverse="true" ValueLength="8" MinValue="0" MaxValue="16777215" Bit="0" ReadCommand="3" WriteSingleCommand="6" WriteMultipleCommand="16" IsWriteProtection="false" IsAutoUploadData="false" />
  <DevicePoint Index="83" Address="41214" Count="2" Type="UInt" IsReverse="true" ValueLength="8" MinValue="0" MaxValue="16777215" Bit="0" ReadCommand="3" WriteSingleCommand="6" WriteMultipleCommand="16" IsWriteProtection="false" IsAutoUploadData="false" />
  <DevicePoint Index="84" Address="41300" Count="2" Type="UInt" IsReverse="true" ValueLength="8" MinValue="0" MaxValue="16777215" Bit="0" ReadCommand="3" WriteSingleCommand="6" WriteMultipleCommand="16" IsWriteProtection="false" IsAutoUploadData="false" />
  <DevicePoint Index="85" Address="41302" Count="2" Type="UInt" IsReverse="true" ValueLength="8" MinValue="0" MaxValue="16777215" Bit="0" ReadCommand="3" WriteSingleCommand="6" WriteMultipleCommand="16" IsWriteProtection="false" IsAutoUploadData="false" />
  <DevicePoint Index="86" Address="41304" Count="2" Type="UInt" IsReverse="true" ValueLength="8" MinValue="0" MaxValue="16777215" Bit="0" ReadCommand="3" WriteSingleCommand="6" WriteMultipleCommand="16" IsWriteProtection="false" IsAutoUploadData="false" />
  <DevicePoint Index="87" Address="41306" Count="2" Type="UInt" IsReverse="true" ValueLength="8" MinValue="0" MaxValue="16777215" Bit="0" ReadCommand="3" WriteSingleCommand="6" WriteMultipleCommand="16" IsWriteProtection="false" IsAutoUploadData="false" />
  <DevicePoint Index="88" Address="41308" Count="2" Type="UInt" IsReverse="true" ValueLength="8" MinValue="0" MaxValue="16777215" Bit="0" ReadCommand="3" WriteSingleCommand="6" WriteMultipleCommand="16" IsWriteProtection="false" IsAutoUploadData="false" />
  <DevicePoint Index="89" Address="41310" Count="2" Type="UInt" IsReverse="true" ValueLength="8" MinValue="0" MaxValue="16777215" Bit="0" ReadCommand="3" WriteSingleCommand="6" WriteMultipleCommand="16" IsWriteProtection="false" IsAutoUploadData="false" />
  <DevicePoint Index="90" Address="41312" Count="2" Type="UInt" IsReverse="true" ValueLength="8" MinValue="0" MaxValue="16777215" Bit="0" ReadCommand="3" WriteSingleCommand="6" WriteMultipleCommand="16" IsWriteProtection="false" IsAutoUploadData="false" />
  <DevicePoint Index="91" Address="41314" Count="2" Type="UInt" IsReverse="true" ValueLength="8" MinValue="0" MaxValue="16777215" Bit="0" ReadCommand="3" WriteSingleCommand="6" WriteMultipleCommand="16" IsWriteProtection="false" IsAutoUploadData="false" />
  <DevicePoint Index="92" Address="41400" Count="2" Type="UInt" IsReverse="true" ValueLength="0" MinValue="0" MaxValue="0" Bit="0" ReadCommand="3" WriteSingleCommand="0" WriteMultipleCommand="0" IsWriteProtection="false" IsAutoUploadData="false" />
  <DevicePoint Index="93" Address="41402" Count="2" Type="UInt" IsReverse="true" ValueLength="0" MinValue="0" MaxValue="0" Bit="0" ReadCommand="3" WriteSingleCommand="0" WriteMultipleCommand="0" IsWriteProtection="false" IsAutoUploadData="false" />
  <DevicePoint Index="94" Address="41404" Count="2" Type="UInt" IsReverse="true" ValueLength="0" MinValue="0" MaxValue="0" Bit="0" ReadCommand="3" WriteSingleCommand="0" WriteMultipleCommand="0" IsWriteProtection="false" IsAutoUploadData="false" />
  <DevicePoint Index="95" Address="41406" Count="2" Type="UInt" IsReverse="true" ValueLength="0" MinValue="0" MaxValue="0" Bit="0" ReadCommand="3" WriteSingleCommand="0" WriteMultipleCommand="0" IsWriteProtection="false" IsAutoUploadData="false" />
  <DevicePoint Index="96" Address="41408" Count="2" Type="UInt" IsReverse="true" ValueLength="0" MinValue="0" MaxValue="0" Bit="0" ReadCommand="3" WriteSingleCommand="0" WriteMultipleCommand="0" IsWriteProtection="false" IsAutoUploadData="false" />
  <DevicePoint Index="97" Address="41410" Count="2" Type="UInt" IsReverse="true" ValueLength="0" MinValue="0" MaxValue="0" Bit="0" ReadCommand="3" WriteSingleCommand="0" WriteMultipleCommand="0" IsWriteProtection="false" IsAutoUploadData="false" />
  <DevicePoint Index="98" Address="41412" Count="2" Type="UInt" IsReverse="true" ValueLength="0" MinValue="0" MaxValue="0" Bit="0" ReadCommand="3" WriteSingleCommand="0" WriteMultipleCommand="0" IsWriteProtection="false" IsAutoUploadData="false" />
  <DevicePoint Index="99" Address="41414" Count="2" Type="UInt" IsReverse="true" ValueLength="0" MinValue="0" MaxValue="0" Bit="0" ReadCommand="3" WriteSingleCommand="0" WriteMultipleCommand="0" IsWriteProtection="false" IsAutoUploadData="false" />
  <DevicePoint Index="100" Address="41500" Count="2" Type="UInt" IsReverse="true" ValueLength="0" MinValue="0" MaxValue="0" Bit="0" ReadCommand="3" WriteSingleCommand="0" WriteMultipleCommand="0" IsWriteProtection="false" IsAutoUploadData="false" />
  <DevicePoint Index="101" Address="41502" Count="2" Type="UInt" IsReverse="true" ValueLength="0" MinValue="0" MaxValue="0" Bit="0" ReadCommand="3" WriteSingleCommand="0" WriteMultipleCommand="0" IsWriteProtection="false" IsAutoUploadData="false" />
  <DevicePoint Index="102" Address="41504" Count="2" Type="UInt" IsReverse="true" ValueLength="0" MinValue="0" MaxValue="0" Bit="0" ReadCommand="3" WriteSingleCommand="0" WriteMultipleCommand="0" IsWriteProtection="false" IsAutoUploadData="false" />
  <DevicePoint Index="103" Address="41506" Count="2" Type="UInt" IsReverse="true" ValueLength="0" MinValue="0" MaxValue="0" Bit="0" ReadCommand="3" WriteSingleCommand="0" WriteMultipleCommand="0" IsWriteProtection="false" IsAutoUploadData="false" />
  <DevicePoint Index="104" Address="41508" Count="2" Type="UInt" IsReverse="true" ValueLength="0" MinValue="0" MaxValue="0" Bit="0" ReadCommand="3" WriteSingleCommand="0" WriteMultipleCommand="0" IsWriteProtection="false" IsAutoUploadData="false" />
  <DevicePoint Index="105" Address="41510" Count="2" Type="UInt" IsReverse="true" ValueLength="0" MinValue="0" MaxValue="0" Bit="0" ReadCommand="3" WriteSingleCommand="0" WriteMultipleCommand="0" IsWriteProtection="false" IsAutoUploadData="false" />
  <DevicePoint Index="106" Address="41512" Count="2" Type="UInt" IsReverse="true" ValueLength="0" MinValue="0" MaxValue="0" Bit="0" ReadCommand="3" WriteSingleCommand="0" WriteMultipleCommand="0" IsWriteProtection="false" IsAutoUploadData="false" />
  <DevicePoint Index="107" Address="41514" Count="2" Type="UInt" IsReverse="true" ValueLength="0" MinValue="0" MaxValue="0" Bit="0" ReadCommand="3" WriteSingleCommand="0" WriteMultipleCommand="0" IsWriteProtection="false" IsAutoUploadData="false" />
  <DevicePoint Index="108" Address="41600" Count="1" Type="UShort" IsReverse="true" ValueLength="1" MinValue="0" MaxValue="1" Bit="0" ReadCommand="3" WriteSingleCommand="6" WriteMultipleCommand="16" IsWriteProtection="false" IsAutoUploadData="false" />
  <DevicePoint Index="109" Address="41601" Count="1" Type="UShort" IsReverse="true" ValueLength="2" MinValue="1" MaxValue="16" Bit="0" ReadCommand="3" WriteSingleCommand="6" WriteMultipleCommand="16" IsWriteProtection="false" IsAutoUploadData="false" />
  <DevicePoint Index="110" Address="41600" Count="1" Type="UShort" IsReverse="true" ValueLength="1" MinValue="0" MaxValue="1" Bit="0" ReadCommand="3" WriteSingleCommand="6" WriteMultipleCommand="16" IsWriteProtection="false" IsAutoUploadData="false" />
</Config>