﻿<?xml version="1.0" encoding="utf-8" standalone="yes"?>
<Config>
  <DevicePoint Index="1" Address="40001" Count="1" Type="Model" IsReverse="true" ValueLength="0" MinValue="0" MaxValue="0" Bit="0" ReadCommand="3" WriteSingleCommand="6" WriteMultipleCommand="16" IsWriteProtection="true" IsAutoUploadData="false" />
  <DevicePoint Index="2" Address="40002" Count="1" Type="UShort" IsReverse="true" ValueLength="0" MinValue="0" MaxValue="0" Bit="0" ReadCommand="3" WriteSingleCommand="6" WriteMultipleCommand="16" IsWriteProtection="true" IsAutoUploadData="false" />
  <DevicePoint Index="3" Address="40003" Count="10" Type="String" IsReverse="true" ValueLength="20" MinValue="0" MaxValue="0" Bit="0" ReadCommand="3" WriteSingleCommand="6" WriteMultipleCommand="16" IsWriteProtection="true" IsAutoUploadData="false" />
  <DevicePoint Index="4" Address="40013" Count="1" Type="UShort" IsReverse="true" ValueLength="3" MinValue="1" MaxValue="255" Bit="0" ReadCommand="3" WriteSingleCommand="6" WriteMultipleCommand="16" IsWriteProtection="true" IsAutoUploadData="false" />
  <DevicePoint Index="5" Address="40014" Count="1" Type="Baudrate" IsReverse="true" ValueLength="0" MinValue="0" MaxValue="0" Bit="0" ReadCommand="3" WriteSingleCommand="6" WriteMultipleCommand="16" IsWriteProtection="true" IsAutoUploadData="false" />
  <DevicePoint Index="6" Address="40016" Count="1" Type="UShort" IsReverse="true" ValueLength="0" MinValue="0" MaxValue="0" Bit="0" ReadCommand="3" WriteSingleCommand="6" WriteMultipleCommand="16" IsWriteProtection="true" IsAutoUploadData="false" />
  <DevicePoint Index="7" Address="40017" Count="1" Type="UShort" IsReverse="true" ValueLength="0" MinValue="0" MaxValue="0" Bit="0" ReadCommand="3" WriteSingleCommand="6" WriteMultipleCommand="16" IsWriteProtection="true" IsAutoUploadData="false" />
  <DevicePoint Index="8" Address="40600" Count="2" Type="Float" IsReverse="true" ValueLength="0" MinValue="0" MaxValue="0" Bit="0" ReadCommand="3" WriteSingleCommand="0" WriteMultipleCommand="0" IsWriteProtection="false" IsAutoUploadData="false" />
  <DevicePoint Index="9" Address="40602" Count="2" Type="Float" IsReverse="true" ValueLength="0" MinValue="0" MaxValue="0" Bit="0" ReadCommand="3" WriteSingleCommand="0" WriteMultipleCommand="0" IsWriteProtection="false" IsAutoUploadData="false" />
  <DevicePoint Index="10" Address="40604" Count="2" Type="Float" IsReverse="true" ValueLength="0" MinValue="0" MaxValue="0" Bit="0" ReadCommand="3" WriteSingleCommand="0" WriteMultipleCommand="0" IsWriteProtection="false" IsAutoUploadData="false" />
  <DevicePoint Index="11" Address="40606" Count="2" Type="Float" IsReverse="true" ValueLength="0" MinValue="0" MaxValue="0" Bit="0" ReadCommand="3" WriteSingleCommand="0" WriteMultipleCommand="0" IsWriteProtection="false" IsAutoUploadData="false" />
  <DevicePoint Index="12" Address="40608" Count="2" Type="Float" IsReverse="true" ValueLength="0" MinValue="0" MaxValue="0" Bit="0" ReadCommand="3" WriteSingleCommand="0" WriteMultipleCommand="0" IsWriteProtection="false" IsAutoUploadData="false" />
  <DevicePoint Index="13" Address="40610" Count="2" Type="Float" IsReverse="true" ValueLength="0" MinValue="0" MaxValue="0" Bit="0" ReadCommand="3" WriteSingleCommand="0" WriteMultipleCommand="0" IsWriteProtection="false" IsAutoUploadData="false" />
  <DevicePoint Index="14" Address="40612" Count="2" Type="Float" IsReverse="true" ValueLength="0" MinValue="0" MaxValue="0" Bit="0" ReadCommand="3" WriteSingleCommand="0" WriteMultipleCommand="0" IsWriteProtection="false" IsAutoUploadData="false" />
  <DevicePoint Index="15" Address="40614" Count="2" Type="Float" IsReverse="true" ValueLength="0" MinValue="0" MaxValue="0" Bit="0" ReadCommand="3" WriteSingleCommand="0" WriteMultipleCommand="0" IsWriteProtection="false" IsAutoUploadData="false" />
  <DevicePoint Index="16" Address="40800" Count="2" Type="Float" IsReverse="true" ValueLength="14" MinValue="0" MaxValue="20000" Bit="0" ReadCommand="3" WriteSingleCommand="0" WriteMultipleCommand="16" IsWriteProtection="false" IsAutoUploadData="false" />
  <DevicePoint Index="17" Address="40802" Count="2" Type="Float" IsReverse="true" ValueLength="14" MinValue="0" MaxValue="20000" Bit="0" ReadCommand="3" WriteSingleCommand="0" WriteMultipleCommand="16" IsWriteProtection="false" IsAutoUploadData="false" />
  <DevicePoint Index="18" Address="40804" Count="2" Type="Float" IsReverse="true" ValueLength="14" MinValue="0" MaxValue="20000" Bit="0" ReadCommand="3" WriteSingleCommand="0" WriteMultipleCommand="16" IsWriteProtection="false" IsAutoUploadData="false" />
  <DevicePoint Index="19" Address="40806" Count="2" Type="Float" IsReverse="true" ValueLength="14" MinValue="0" MaxValue="20000" Bit="0" ReadCommand="3" WriteSingleCommand="0" WriteMultipleCommand="16" IsWriteProtection="false" IsAutoUploadData="false" />
  <DevicePoint Index="20" Address="40808" Count="2" Type="Float" IsReverse="true" ValueLength="14" MinValue="0" MaxValue="20000" Bit="0" ReadCommand="3" WriteSingleCommand="0" WriteMultipleCommand="16" IsWriteProtection="false" IsAutoUploadData="false" />
  <DevicePoint Index="21" Address="40810" Count="2" Type="Float" IsReverse="true" ValueLength="14" MinValue="0" MaxValue="20000" Bit="0" ReadCommand="3" WriteSingleCommand="0" WriteMultipleCommand="16" IsWriteProtection="false" IsAutoUploadData="false" />
  <DevicePoint Index="22" Address="40812" Count="2" Type="Float" IsReverse="true" ValueLength="14" MinValue="0" MaxValue="20000" Bit="0" ReadCommand="3" WriteSingleCommand="0" WriteMultipleCommand="16" IsWriteProtection="false" IsAutoUploadData="false" />
  <DevicePoint Index="23" Address="40814" Count="2" Type="Float" IsReverse="true" ValueLength="14" MinValue="0" MaxValue="20000" Bit="0" ReadCommand="3" WriteSingleCommand="0" WriteMultipleCommand="16" IsWriteProtection="false" IsAutoUploadData="false" />
  <DevicePoint Index="24" Address="40900" Count="2" Type="Float" IsReverse="true" ValueLength="14" MinValue="0" MaxValue="20000" Bit="0" ReadCommand="3" WriteSingleCommand="0" WriteMultipleCommand="16" IsWriteProtection="false" IsAutoUploadData="false" />
  <DevicePoint Index="25" Address="40902" Count="2" Type="Float" IsReverse="true" ValueLength="14" MinValue="0" MaxValue="20000" Bit="0" ReadCommand="3" WriteSingleCommand="0" WriteMultipleCommand="16" IsWriteProtection="false" IsAutoUploadData="false" />
  <DevicePoint Index="26" Address="40904" Count="2" Type="Float" IsReverse="true" ValueLength="14" MinValue="0" MaxValue="20000" Bit="0" ReadCommand="3" WriteSingleCommand="0" WriteMultipleCommand="16" IsWriteProtection="false" IsAutoUploadData="false" />
  <DevicePoint Index="27" Address="40906" Count="2" Type="Float" IsReverse="true" ValueLength="14" MinValue="0" MaxValue="20000" Bit="0" ReadCommand="3" WriteSingleCommand="0" WriteMultipleCommand="16" IsWriteProtection="false" IsAutoUploadData="false" />
  <DevicePoint Index="28" Address="40908" Count="2" Type="Float" IsReverse="true" ValueLength="14" MinValue="0" MaxValue="20000" Bit="0" ReadCommand="3" WriteSingleCommand="0" WriteMultipleCommand="16" IsWriteProtection="false" IsAutoUploadData="false" />
  <DevicePoint Index="29" Address="40910" Count="2" Type="Float" IsReverse="true" ValueLength="14" MinValue="0" MaxValue="20000" Bit="0" ReadCommand="3" WriteSingleCommand="0" WriteMultipleCommand="16" IsWriteProtection="false" IsAutoUploadData="false" />
  <DevicePoint Index="30" Address="40912" Count="2" Type="Float" IsReverse="true" ValueLength="14" MinValue="0" MaxValue="20000" Bit="0" ReadCommand="3" WriteSingleCommand="0" WriteMultipleCommand="16" IsWriteProtection="false" IsAutoUploadData="false" />
  <DevicePoint Index="31" Address="40914" Count="2" Type="Float" IsReverse="true" ValueLength="14" MinValue="0" MaxValue="20000" Bit="0" ReadCommand="3" WriteSingleCommand="0" WriteMultipleCommand="16" IsWriteProtection="false" IsAutoUploadData="false" />
  <DevicePoint Index="32" Address="41000" Count="2" Type="Float" IsReverse="true" ValueLength="0" MinValue="0" MaxValue="0" Bit="0" ReadCommand="3" WriteSingleCommand="0" WriteMultipleCommand="0" IsWriteProtection="false" IsAutoUploadData="false" />
  <DevicePoint Index="33" Address="41002" Count="2" Type="Float" IsReverse="true" ValueLength="0" MinValue="0" MaxValue="0" Bit="0" ReadCommand="3" WriteSingleCommand="0" WriteMultipleCommand="0" IsWriteProtection="false" IsAutoUploadData="false" />
  <DevicePoint Index="34" Address="41004" Count="2" Type="Float" IsReverse="true" ValueLength="0" MinValue="0" MaxValue="0" Bit="0" ReadCommand="3" WriteSingleCommand="0" WriteMultipleCommand="0" IsWriteProtection="false" IsAutoUploadData="false" />
  <DevicePoint Index="35" Address="41006" Count="2" Type="Float" IsReverse="true" ValueLength="0" MinValue="0" MaxValue="0" Bit="0" ReadCommand="3" WriteSingleCommand="0" WriteMultipleCommand="0" IsWriteProtection="false" IsAutoUploadData="false" />
  <DevicePoint Index="36" Address="41008" Count="2" Type="Float" IsReverse="true" ValueLength="0" MinValue="0" MaxValue="0" Bit="0" ReadCommand="3" WriteSingleCommand="0" WriteMultipleCommand="0" IsWriteProtection="false" IsAutoUploadData="false" />
  <DevicePoint Index="37" Address="41010" Count="2" Type="Float" IsReverse="true" ValueLength="0" MinValue="0" MaxValue="0" Bit="0" ReadCommand="3" WriteSingleCommand="0" WriteMultipleCommand="0" IsWriteProtection="false" IsAutoUploadData="false" />
  <DevicePoint Index="38" Address="41012" Count="2" Type="Float" IsReverse="true" ValueLength="0" MinValue="0" MaxValue="0" Bit="0" ReadCommand="3" WriteSingleCommand="0" WriteMultipleCommand="0" IsWriteProtection="false" IsAutoUploadData="false" />
  <DevicePoint Index="39" Address="41014" Count="2" Type="Float" IsReverse="true" ValueLength="0" MinValue="0" MaxValue="0" Bit="0" ReadCommand="3" WriteSingleCommand="0" WriteMultipleCommand="0" IsWriteProtection="false" IsAutoUploadData="false" />
  <DevicePoint Index="40" Address="41100" Count="2" Type="Float" IsReverse="true" ValueLength="0" MinValue="0" MaxValue="0" Bit="0" ReadCommand="3" WriteSingleCommand="0" WriteMultipleCommand="0" IsWriteProtection="false" IsAutoUploadData="false" />
  <DevicePoint Index="41" Address="41102" Count="2" Type="Float" IsReverse="true" ValueLength="0" MinValue="0" MaxValue="0" Bit="0" ReadCommand="3" WriteSingleCommand="0" WriteMultipleCommand="0" IsWriteProtection="false" IsAutoUploadData="false" />
  <DevicePoint Index="42" Address="41104" Count="2" Type="Float" IsReverse="true" ValueLength="0" MinValue="0" MaxValue="0" Bit="0" ReadCommand="3" WriteSingleCommand="0" WriteMultipleCommand="0" IsWriteProtection="false" IsAutoUploadData="false" />
  <DevicePoint Index="43" Address="41106" Count="2" Type="Float" IsReverse="true" ValueLength="0" MinValue="0" MaxValue="0" Bit="0" ReadCommand="3" WriteSingleCommand="0" WriteMultipleCommand="0" IsWriteProtection="false" IsAutoUploadData="false" />
  <DevicePoint Index="44" Address="41108" Count="2" Type="Float" IsReverse="true" ValueLength="0" MinValue="0" MaxValue="0" Bit="0" ReadCommand="3" WriteSingleCommand="0" WriteMultipleCommand="0" IsWriteProtection="false" IsAutoUploadData="false" />
  <DevicePoint Index="45" Address="41110" Count="2" Type="Float" IsReverse="true" ValueLength="0" MinValue="0" MaxValue="0" Bit="0" ReadCommand="3" WriteSingleCommand="0" WriteMultipleCommand="0" IsWriteProtection="false" IsAutoUploadData="false" />
  <DevicePoint Index="46" Address="41112" Count="2" Type="Float" IsReverse="true" ValueLength="0" MinValue="0" MaxValue="0" Bit="0" ReadCommand="3" WriteSingleCommand="0" WriteMultipleCommand="0" IsWriteProtection="false" IsAutoUploadData="false" />
  <DevicePoint Index="47" Address="41114" Count="2" Type="Float" IsReverse="true" ValueLength="0" MinValue="0" MaxValue="0" Bit="0" ReadCommand="3" WriteSingleCommand="0" WriteMultipleCommand="0" IsWriteProtection="false" IsAutoUploadData="false" />
  <DevicePoint Index="48" Address="41601" Count="1" Type="UShort" IsReverse="true" ValueLength="2" MinValue="1" MaxValue="16" Bit="0" ReadCommand="3" WriteSingleCommand="6" WriteMultipleCommand="16" IsWriteProtection="false" IsAutoUploadData="false" />
</Config>