﻿<?xml version="1.0" encoding="utf-8" standalone="yes"?>
<Config>
  <DevicePoint Index="1" Address="40100" Count="3" Type="MAC" IsReverse="false" ValueLength="0" MinValue="0" MaxValue="0" Bit="0" ReadCommand="3" WriteSingleCommand="0" WriteMultipleCommand="0" IsWriteProtection="false" IsAutoUploadData="false" />
  <DevicePoint Index="2" Address="40103" Count="1" Type="Model" IsReverse="true" ValueLength="0" MinValue="0" MaxValue="0" Bit="0" ReadCommand="3" WriteSingleCommand="0" WriteMultipleCommand="0" IsWriteProtection="false" IsAutoUploadData="false" />
  <DevicePoint Index="3" Address="40104" Count="1" Type="UShort" IsReverse="true" ValueLength="0" MinValue="0" MaxValue="0" Bit="0" ReadCommand="3" WriteSingleCommand="0" WriteMultipleCommand="0" IsWriteProtection="false" IsAutoUploadData="false" />
  <DevicePoint Index="4" Address="40105" Count="2" Type="UInt" IsReverse="true" ValueLength="0" MinValue="0" MaxValue="0" Bit="0" ReadCommand="3" WriteSingleCommand="6" WriteMultipleCommand="16" IsWriteProtection="false" IsAutoUploadData="false" />
  <DevicePoint Index="5" Address="40107" Count="1" Type="UShort" IsReverse="true" ValueLength="5" MinValue="1" MaxValue="65535" Bit="0" ReadCommand="3" WriteSingleCommand="6" WriteMultipleCommand="16" IsWriteProtection="false" IsAutoUploadData="false" />
  <DevicePoint Index="6" Address="40108" Count="1" Type="UShort" IsReverse="true" ValueLength="0" MinValue="0" MaxValue="0" Bit="0" ReadCommand="3" WriteSingleCommand="6" WriteMultipleCommand="16" IsWriteProtection="false" IsAutoUploadData="false" />
  <DevicePoint Index="7" Address="40109" Count="2" Type="UInt" IsReverse="true" ValueLength="0" MinValue="0" MaxValue="0" Bit="0" ReadCommand="3" WriteSingleCommand="6" WriteMultipleCommand="16" IsWriteProtection="false" IsAutoUploadData="false" />
  <DevicePoint Index="8" Address="40111" Count="2" Type="UInt" IsReverse="true" ValueLength="0" MinValue="0" MaxValue="0" Bit="0" ReadCommand="3" WriteSingleCommand="6" WriteMultipleCommand="16" IsWriteProtection="false" IsAutoUploadData="false" />
  <DevicePoint Index="9" Address="40113" Count="1" Type="UShort" IsReverse="true" ValueLength="0" MinValue="0" MaxValue="0" Bit="0" ReadCommand="3" WriteSingleCommand="6" WriteMultipleCommand="16" IsWriteProtection="false" IsAutoUploadData="false" />
  <DevicePoint Index="10" Address="40114" Count="1" Type="UShort" IsReverse="true" ValueLength="0" MinValue="0" MaxValue="0" Bit="0" ReadCommand="3" WriteSingleCommand="6" WriteMultipleCommand="16" IsWriteProtection="false" IsAutoUploadData="false" />
  <DevicePoint Index="11" Address="40115" Count="32" Type="String" IsReverse="true" ValueLength="64" MinValue="0" MaxValue="0" Bit="0" ReadCommand="3" WriteSingleCommand="6" WriteMultipleCommand="16" IsWriteProtection="false" IsAutoUploadData="false" />
  <DevicePoint Index="12" Address="40147" Count="1" Type="UShort" IsReverse="true" ValueLength="5" MinValue="1" MaxValue="65535" Bit="0" ReadCommand="3" WriteSingleCommand="6" WriteMultipleCommand="16" IsWriteProtection="false" IsAutoUploadData="false" />
  <DevicePoint Index="13" Address="40148" Count="1" Type="UShort" IsReverse="true" ValueLength="0" MinValue="0" MaxValue="0" Bit="0" ReadCommand="3" WriteSingleCommand="6" WriteMultipleCommand="16" IsWriteProtection="false" IsAutoUploadData="false" />
  <DevicePoint Index="14" Address="40149" Count="2" Type="UInt" IsReverse="true" ValueLength="0" MinValue="0" MaxValue="0" Bit="0" ReadCommand="3" WriteSingleCommand="6" WriteMultipleCommand="16" IsWriteProtection="false" IsAutoUploadData="false" />
  <DevicePoint Index="15" Address="40151" Count="1" Type="UShort" IsReverse="true" ValueLength="0" MinValue="0" MaxValue="0" Bit="0" ReadCommand="3" WriteSingleCommand="6" WriteMultipleCommand="16" IsWriteProtection="false" IsAutoUploadData="false" />
  <DevicePoint Index="16" Address="40152" Count="1" Type="UShort" IsReverse="true" ValueLength="0" MinValue="0" MaxValue="0" Bit="0" ReadCommand="3" WriteSingleCommand="6" WriteMultipleCommand="16" IsWriteProtection="false" IsAutoUploadData="false" />
  <DevicePoint Index="17" Address="40153" Count="1" Type="UShort" IsReverse="true" ValueLength="0" MinValue="0" MaxValue="0" Bit="0" ReadCommand="3" WriteSingleCommand="6" WriteMultipleCommand="16" IsWriteProtection="false" IsAutoUploadData="false" />
  <DevicePoint Index="18" Address="40154" Count="1" Type="UShort" IsReverse="true" ValueLength="5" MinValue="0" MaxValue="65535" Bit="0" ReadCommand="3" WriteSingleCommand="6" WriteMultipleCommand="16" IsWriteProtection="false" IsAutoUploadData="false" />
  <DevicePoint Index="19" Address="40155" Count="10" Type="String" IsReverse="true" ValueLength="20" MinValue="0" MaxValue="0" Bit="0" ReadCommand="3" WriteSingleCommand="6" WriteMultipleCommand="16" IsWriteProtection="false" IsAutoUploadData="false" />
  <DevicePoint Index="20" Address="40165" Count="1" Type="UShort" IsReverse="true" ValueLength="0" MinValue="0" MaxValue="0" Bit="0" ReadCommand="3" WriteSingleCommand="6" WriteMultipleCommand="16" IsWriteProtection="false" IsAutoUploadData="false" />
  <DevicePoint Index="21" Address="100" Count="1" Type="UShort" IsReverse="true" ValueLength="1" MinValue="0" MaxValue="1" Bit="0" ReadCommand="1" WriteSingleCommand="5" WriteMultipleCommand="15" IsWriteProtection="false" IsAutoUploadData="false" />
  <DevicePoint Index="22" Address="101" Count="1" Type="UShort" IsReverse="true" ValueLength="1" MinValue="0" MaxValue="1" Bit="0" ReadCommand="1" WriteSingleCommand="5" WriteMultipleCommand="15" IsWriteProtection="false" IsAutoUploadData="false" />
  <DevicePoint Index="23" Address="102" Count="1" Type="UShort" IsReverse="true" ValueLength="1" MinValue="0" MaxValue="1" Bit="0" ReadCommand="1" WriteSingleCommand="5" WriteMultipleCommand="15" IsWriteProtection="false" IsAutoUploadData="false" />
  <DevicePoint Index="24" Address="103" Count="1" Type="UShort" IsReverse="true" ValueLength="1" MinValue="0" MaxValue="1" Bit="0" ReadCommand="1" WriteSingleCommand="5" WriteMultipleCommand="15" IsWriteProtection="false" IsAutoUploadData="false" />
  <DevicePoint Index="25" Address="104" Count="1" Type="UShort" IsReverse="true" ValueLength="1" MinValue="0" MaxValue="1" Bit="0" ReadCommand="1" WriteSingleCommand="5" WriteMultipleCommand="15" IsWriteProtection="false" IsAutoUploadData="false" />
  <DevicePoint Index="26" Address="105" Count="1" Type="UShort" IsReverse="true" ValueLength="1" MinValue="0" MaxValue="1" Bit="0" ReadCommand="1" WriteSingleCommand="5" WriteMultipleCommand="15" IsWriteProtection="false" IsAutoUploadData="false" />
  <DevicePoint Index="27" Address="106" Count="1" Type="UShort" IsReverse="true" ValueLength="1" MinValue="0" MaxValue="1" Bit="0" ReadCommand="1" WriteSingleCommand="5" WriteMultipleCommand="15" IsWriteProtection="false" IsAutoUploadData="false" />
  <DevicePoint Index="28" Address="107" Count="1" Type="UShort" IsReverse="true" ValueLength="1" MinValue="0" MaxValue="1" Bit="0" ReadCommand="1" WriteSingleCommand="5" WriteMultipleCommand="15" IsWriteProtection="false" IsAutoUploadData="false" />
  <DevicePoint Index="29" Address="108" Count="1" Type="UShort" IsReverse="true" ValueLength="1" MinValue="0" MaxValue="1" Bit="0" ReadCommand="1" WriteSingleCommand="5" WriteMultipleCommand="15" IsWriteProtection="false" IsAutoUploadData="false" />
  <DevicePoint Index="30" Address="109" Count="1" Type="UShort" IsReverse="true" ValueLength="1" MinValue="0" MaxValue="1" Bit="0" ReadCommand="1" WriteSingleCommand="5" WriteMultipleCommand="15" IsWriteProtection="false" IsAutoUploadData="false" />
  <DevicePoint Index="31" Address="110" Count="1" Type="UShort" IsReverse="true" ValueLength="1" MinValue="0" MaxValue="1" Bit="0" ReadCommand="1" WriteSingleCommand="5" WriteMultipleCommand="15" IsWriteProtection="false" IsAutoUploadData="false" />
  <DevicePoint Index="32" Address="111" Count="1" Type="UShort" IsReverse="true" ValueLength="1" MinValue="0" MaxValue="1" Bit="0" ReadCommand="1" WriteSingleCommand="5" WriteMultipleCommand="15" IsWriteProtection="false" IsAutoUploadData="false" />
  <DevicePoint Index="33" Address="112" Count="1" Type="UShort" IsReverse="true" ValueLength="1" MinValue="0" MaxValue="1" Bit="0" ReadCommand="1" WriteSingleCommand="5" WriteMultipleCommand="15" IsWriteProtection="false" IsAutoUploadData="false" />
  <DevicePoint Index="34" Address="113" Count="1" Type="UShort" IsReverse="true" ValueLength="1" MinValue="0" MaxValue="1" Bit="0" ReadCommand="1" WriteSingleCommand="5" WriteMultipleCommand="15" IsWriteProtection="false" IsAutoUploadData="false" />
  <DevicePoint Index="35" Address="114" Count="1" Type="UShort" IsReverse="true" ValueLength="1" MinValue="0" MaxValue="1" Bit="0" ReadCommand="1" WriteSingleCommand="5" WriteMultipleCommand="15" IsWriteProtection="false" IsAutoUploadData="false" />
  <DevicePoint Index="36" Address="115" Count="1" Type="UShort" IsReverse="true" ValueLength="1" MinValue="0" MaxValue="1" Bit="0" ReadCommand="1" WriteSingleCommand="5" WriteMultipleCommand="15" IsWriteProtection="false" IsAutoUploadData="false" />
  <DevicePoint Index="37" Address="40300" Count="1" Type="UShort" IsReverse="true" ValueLength="0" MinValue="0" MaxValue="0" Bit="0" ReadCommand="3" WriteSingleCommand="6" WriteMultipleCommand="16" IsWriteProtection="false" IsAutoUploadData="false" />
  <DevicePoint Index="38" Address="40301" Count="1" Type="UShort" IsReverse="true" ValueLength="0" MinValue="0" MaxValue="0" Bit="0" ReadCommand="3" WriteSingleCommand="6" WriteMultipleCommand="16" IsWriteProtection="false" IsAutoUploadData="false" />
  <DevicePoint Index="39" Address="40302" Count="1" Type="UShort" IsReverse="true" ValueLength="0" MinValue="0" MaxValue="0" Bit="0" ReadCommand="3" WriteSingleCommand="6" WriteMultipleCommand="16" IsWriteProtection="false" IsAutoUploadData="false" />
  <DevicePoint Index="40" Address="40303" Count="1" Type="UShort" IsReverse="true" ValueLength="0" MinValue="0" MaxValue="0" Bit="0" ReadCommand="3" WriteSingleCommand="6" WriteMultipleCommand="16" IsWriteProtection="false" IsAutoUploadData="false" />
  <DevicePoint Index="41" Address="40304" Count="1" Type="UShort" IsReverse="true" ValueLength="0" MinValue="0" MaxValue="0" Bit="0" ReadCommand="3" WriteSingleCommand="6" WriteMultipleCommand="16" IsWriteProtection="false" IsAutoUploadData="false" />
  <DevicePoint Index="42" Address="40305" Count="1" Type="UShort" IsReverse="true" ValueLength="0" MinValue="0" MaxValue="0" Bit="0" ReadCommand="3" WriteSingleCommand="6" WriteMultipleCommand="16" IsWriteProtection="false" IsAutoUploadData="false" />
  <DevicePoint Index="43" Address="40306" Count="1" Type="UShort" IsReverse="true" ValueLength="0" MinValue="0" MaxValue="0" Bit="0" ReadCommand="3" WriteSingleCommand="6" WriteMultipleCommand="16" IsWriteProtection="false" IsAutoUploadData="false" />
  <DevicePoint Index="44" Address="40307" Count="1" Type="UShort" IsReverse="true" ValueLength="0" MinValue="0" MaxValue="0" Bit="0" ReadCommand="3" WriteSingleCommand="6" WriteMultipleCommand="16" IsWriteProtection="false" IsAutoUploadData="false" />
  <DevicePoint Index="45" Address="40308" Count="1" Type="UShort" IsReverse="true" ValueLength="5" MinValue="50" MaxValue="65535" Bit="0" ReadCommand="3" WriteSingleCommand="6" WriteMultipleCommand="16" IsWriteProtection="false" IsAutoUploadData="false" />
  <DevicePoint Index="46" Address="40309" Count="1" Type="UShort" IsReverse="true" ValueLength="5" MinValue="50" MaxValue="65535" Bit="0" ReadCommand="3" WriteSingleCommand="6" WriteMultipleCommand="16" IsWriteProtection="false" IsAutoUploadData="false" />
  <DevicePoint Index="47" Address="40310" Count="1" Type="UShort" IsReverse="true" ValueLength="5" MinValue="50" MaxValue="65535" Bit="0" ReadCommand="3" WriteSingleCommand="6" WriteMultipleCommand="16" IsWriteProtection="false" IsAutoUploadData="false" />
  <DevicePoint Index="48" Address="40311" Count="1" Type="UShort" IsReverse="true" ValueLength="5" MinValue="50" MaxValue="65535" Bit="0" ReadCommand="3" WriteSingleCommand="6" WriteMultipleCommand="16" IsWriteProtection="false" IsAutoUploadData="false" />
  <DevicePoint Index="49" Address="40312" Count="1" Type="UShort" IsReverse="true" ValueLength="5" MinValue="50" MaxValue="65535" Bit="0" ReadCommand="3" WriteSingleCommand="6" WriteMultipleCommand="16" IsWriteProtection="false" IsAutoUploadData="false" />
  <DevicePoint Index="50" Address="40313" Count="1" Type="UShort" IsReverse="true" ValueLength="5" MinValue="50" MaxValue="65535" Bit="0" ReadCommand="3" WriteSingleCommand="6" WriteMultipleCommand="16" IsWriteProtection="false" IsAutoUploadData="false" />
  <DevicePoint Index="51" Address="40314" Count="1" Type="UShort" IsReverse="true" ValueLength="5" MinValue="50" MaxValue="65535" Bit="0" ReadCommand="3" WriteSingleCommand="6" WriteMultipleCommand="16" IsWriteProtection="false" IsAutoUploadData="false" />
  <DevicePoint Index="52" Address="40315" Count="1" Type="UShort" IsReverse="true" ValueLength="5" MinValue="50" MaxValue="65535" Bit="0" ReadCommand="3" WriteSingleCommand="6" WriteMultipleCommand="16" IsWriteProtection="false" IsAutoUploadData="false" />
</Config>