﻿<?xml version="1.0" encoding="utf-8" standalone="yes"?>
<Config>
  <DevicePoint Index="1" Address="40100" Count="3" Type="MAC" IsReverse="false" ValueLength="0" MinValue="0" MaxValue="0" Bit="0" ReadCommand="3" WriteSingleCommand="0" WriteMultipleCommand="0" IsWriteProtection="false" />
  <DevicePoint Index="2" Address="40103" Count="1" Type="Model" IsReverse="true" ValueLength="0" MinValue="0" MaxValue="0" Bit="0" ReadCommand="3" WriteSingleCommand="0" WriteMultipleCommand="0" IsWriteProtection="false" />
  <DevicePoint Index="3" Address="40104" Count="1" Type="UShort" IsReverse="true" ValueLength="0" MinValue="0" MaxValue="0" Bit="0" ReadCommand="3" WriteSingleCommand="0" WriteMultipleCommand="0" IsWriteProtection="false" />
  <DevicePoint Index="4" Address="40105" Count="2" Type="UInt" IsReverse="true" ValueLength="0" MinValue="0" MaxValue="0" Bit="0" ReadCommand="3" WriteSingleCommand="6" WriteMultipleCommand="16" IsWriteProtection="false" />
  <DevicePoint Index="5" Address="40107" Count="1" Type="UShort" IsReverse="true" ValueLength="5" MinValue="1" MaxValue="65535" Bit="0" ReadCommand="3" WriteSingleCommand="6" WriteMultipleCommand="16" IsWriteProtection="false" />
  <DevicePoint Index="6" Address="40108" Count="1" Type="UShort" IsReverse="true" ValueLength="0" MinValue="0" MaxValue="0" Bit="0" ReadCommand="3" WriteSingleCommand="6" WriteMultipleCommand="16" IsWriteProtection="false" />
  <DevicePoint Index="7" Address="40109" Count="2" Type="UInt" IsReverse="true" ValueLength="0" MinValue="0" MaxValue="0" Bit="0" ReadCommand="3" WriteSingleCommand="6" WriteMultipleCommand="16" IsWriteProtection="false" />
  <DevicePoint Index="8" Address="40111" Count="2" Type="UInt" IsReverse="true" ValueLength="0" MinValue="0" MaxValue="0" Bit="0" ReadCommand="3" WriteSingleCommand="6" WriteMultipleCommand="16" IsWriteProtection="false" />
  <DevicePoint Index="9" Address="40113" Count="1" Type="UShort" IsReverse="true" ValueLength="0" MinValue="0" MaxValue="0" Bit="0" ReadCommand="3" WriteSingleCommand="6" WriteMultipleCommand="16" IsWriteProtection="false" />
  <DevicePoint Index="10" Address="40114" Count="1" Type="UShort" IsReverse="true" ValueLength="0" MinValue="0" MaxValue="0" Bit="0" ReadCommand="3" WriteSingleCommand="6" WriteMultipleCommand="16" IsWriteProtection="false" />
  <DevicePoint Index="11" Address="40115" Count="32" Type="String" IsReverse="true" ValueLength="64" MinValue="0" MaxValue="0" Bit="0" ReadCommand="3" WriteSingleCommand="6" WriteMultipleCommand="16" IsWriteProtection="false" />
  <DevicePoint Index="12" Address="40147" Count="1" Type="UShort" IsReverse="true" ValueLength="5" MinValue="1" MaxValue="65535" Bit="0" ReadCommand="3" WriteSingleCommand="6" WriteMultipleCommand="16" IsWriteProtection="false" />
  <DevicePoint Index="13" Address="40148" Count="1" Type="UShort" IsReverse="true" ValueLength="0" MinValue="0" MaxValue="0" Bit="0" ReadCommand="3" WriteSingleCommand="6" WriteMultipleCommand="16" IsWriteProtection="false" />
  <DevicePoint Index="14" Address="40149" Count="2" Type="UInt" IsReverse="true" ValueLength="0" MinValue="0" MaxValue="0" Bit="0" ReadCommand="3" WriteSingleCommand="6" WriteMultipleCommand="16" IsWriteProtection="false" />
  <DevicePoint Index="15" Address="40151" Count="1" Type="UShort" IsReverse="true" ValueLength="0" MinValue="0" MaxValue="0" Bit="0" ReadCommand="3" WriteSingleCommand="6" WriteMultipleCommand="16" IsWriteProtection="false" />
  <DevicePoint Index="16" Address="40152" Count="1" Type="UShort" IsReverse="true" ValueLength="0" MinValue="0" MaxValue="0" Bit="0" ReadCommand="3" WriteSingleCommand="6" WriteMultipleCommand="16" IsWriteProtection="false" />
  <DevicePoint Index="17" Address="40153" Count="1" Type="UShort" IsReverse="true" ValueLength="0" MinValue="0" MaxValue="0" Bit="0" ReadCommand="3" WriteSingleCommand="6" WriteMultipleCommand="16" IsWriteProtection="false" />
  <DevicePoint Index="18" Address="40154" Count="1" Type="UShort" IsReverse="true" ValueLength="5" MinValue="0" MaxValue="65535" Bit="0" ReadCommand="3" WriteSingleCommand="6" WriteMultipleCommand="16" IsWriteProtection="false" />
  <DevicePoint Index="19" Address="40155" Count="10" Type="String" IsReverse="true" ValueLength="20" MinValue="0" MaxValue="0" Bit="0" ReadCommand="3" WriteSingleCommand="6" WriteMultipleCommand="16" IsWriteProtection="false" />
  <DevicePoint Index="20" Address="40165" Count="1" Type="UShort" IsReverse="true" ValueLength="0" MinValue="0" MaxValue="0" Bit="0" ReadCommand="3" WriteSingleCommand="6" WriteMultipleCommand="16" IsWriteProtection="false" />
  <DevicePoint Index="21" Address="100" Count="1" Type="UShort" IsReverse="true" ValueLength="1" MinValue="0" MaxValue="1" Bit="0" ReadCommand="1" WriteSingleCommand="5" WriteMultipleCommand="15" IsWriteProtection="false" />
  <DevicePoint Index="22" Address="101" Count="1" Type="UShort" IsReverse="true" ValueLength="1" MinValue="0" MaxValue="1" Bit="0" ReadCommand="1" WriteSingleCommand="5" WriteMultipleCommand="15" IsWriteProtection="false" />
  <DevicePoint Index="23" Address="102" Count="1" Type="UShort" IsReverse="true" ValueLength="1" MinValue="0" MaxValue="1" Bit="0" ReadCommand="1" WriteSingleCommand="5" WriteMultipleCommand="15" IsWriteProtection="false" />
  <DevicePoint Index="24" Address="103" Count="1" Type="UShort" IsReverse="true" ValueLength="1" MinValue="0" MaxValue="1" Bit="0" ReadCommand="1" WriteSingleCommand="5" WriteMultipleCommand="15" IsWriteProtection="false" />
  <DevicePoint Index="25" Address="10200" Count="1" Type="UShort" IsReverse="true" ValueLength="1" MinValue="0" MaxValue="1" Bit="0" ReadCommand="2" WriteSingleCommand="0" WriteMultipleCommand="0" IsWriteProtection="false" />
  <DevicePoint Index="26" Address="10201" Count="1" Type="UShort" IsReverse="true" ValueLength="1" MinValue="0" MaxValue="1" Bit="0" ReadCommand="2" WriteSingleCommand="0" WriteMultipleCommand="0" IsWriteProtection="false" />
  <DevicePoint Index="27" Address="10202" Count="1" Type="UShort" IsReverse="true" ValueLength="1" MinValue="0" MaxValue="1" Bit="0" ReadCommand="2" WriteSingleCommand="0" WriteMultipleCommand="0" IsWriteProtection="false" />
  <DevicePoint Index="28" Address="10203" Count="1" Type="UShort" IsReverse="true" ValueLength="1" MinValue="0" MaxValue="1" Bit="0" ReadCommand="2" WriteSingleCommand="0" WriteMultipleCommand="0" IsWriteProtection="false" />
  <DevicePoint Index="29" Address="10204" Count="1" Type="UShort" IsReverse="true" ValueLength="1" MinValue="0" MaxValue="1" Bit="0" ReadCommand="2" WriteSingleCommand="0" WriteMultipleCommand="0" IsWriteProtection="false" />
  <DevicePoint Index="30" Address="10205" Count="1" Type="UShort" IsReverse="true" ValueLength="1" MinValue="0" MaxValue="1" Bit="0" ReadCommand="2" WriteSingleCommand="0" WriteMultipleCommand="0" IsWriteProtection="false" />
  <DevicePoint Index="31" Address="10206" Count="1" Type="UShort" IsReverse="true" ValueLength="1" MinValue="0" MaxValue="1" Bit="0" ReadCommand="2" WriteSingleCommand="0" WriteMultipleCommand="0" IsWriteProtection="false" />
  <DevicePoint Index="32" Address="10207" Count="1" Type="UShort" IsReverse="true" ValueLength="1" MinValue="0" MaxValue="1" Bit="0" ReadCommand="2" WriteSingleCommand="0" WriteMultipleCommand="0" IsWriteProtection="false" />
  <DevicePoint Index="33" Address="40300" Count="1" Type="UShort" IsReverse="true" ValueLength="1" MinValue="0" MaxValue="0" Bit="0" ReadCommand="3" WriteSingleCommand="6" WriteMultipleCommand="16" IsWriteProtection="false" />
  <DevicePoint Index="34" Address="40301" Count="1" Type="UShort" IsReverse="true" ValueLength="1" MinValue="0" MaxValue="0" Bit="0" ReadCommand="3" WriteSingleCommand="6" WriteMultipleCommand="16" IsWriteProtection="false" />
  <DevicePoint Index="35" Address="40302" Count="1" Type="UShort" IsReverse="true" ValueLength="1" MinValue="0" MaxValue="0" Bit="0" ReadCommand="3" WriteSingleCommand="6" WriteMultipleCommand="16" IsWriteProtection="false" />
  <DevicePoint Index="36" Address="40303" Count="1" Type="UShort" IsReverse="true" ValueLength="1" MinValue="0" MaxValue="0" Bit="0" ReadCommand="3" WriteSingleCommand="6" WriteMultipleCommand="16" IsWriteProtection="false" />
  <DevicePoint Index="37" Address="40304" Count="1" Type="UShort" IsReverse="true" ValueLength="1" MinValue="0" MaxValue="0" Bit="0" ReadCommand="3" WriteSingleCommand="6" WriteMultipleCommand="16" IsWriteProtection="false" />
  <DevicePoint Index="38" Address="40305" Count="1" Type="UShort" IsReverse="true" ValueLength="1" MinValue="0" MaxValue="0" Bit="0" ReadCommand="3" WriteSingleCommand="6" WriteMultipleCommand="16" IsWriteProtection="false" />
  <DevicePoint Index="39" Address="40306" Count="1" Type="UShort" IsReverse="true" ValueLength="1" MinValue="0" MaxValue="0" Bit="0" ReadCommand="3" WriteSingleCommand="6" WriteMultipleCommand="16" IsWriteProtection="false" />
  <DevicePoint Index="40" Address="40307" Count="1" Type="UShort" IsReverse="true" ValueLength="1" MinValue="0" MaxValue="0" Bit="0" ReadCommand="3" WriteSingleCommand="6" WriteMultipleCommand="16" IsWriteProtection="false" />
  <DevicePoint Index="41" Address="40308" Count="1" Type="UShort" IsReverse="true" ValueLength="1" MinValue="0" MaxValue="0" Bit="0" ReadCommand="3" WriteSingleCommand="6" WriteMultipleCommand="16" IsWriteProtection="false" />
  <DevicePoint Index="42" Address="40309" Count="1" Type="UShort" IsReverse="true" ValueLength="1" MinValue="0" MaxValue="0" Bit="0" ReadCommand="3" WriteSingleCommand="6" WriteMultipleCommand="16" IsWriteProtection="false" />
  <DevicePoint Index="43" Address="40310" Count="1" Type="UShort" IsReverse="true" ValueLength="1" MinValue="0" MaxValue="0" Bit="0" ReadCommand="3" WriteSingleCommand="6" WriteMultipleCommand="16" IsWriteProtection="false" />
  <DevicePoint Index="44" Address="40311" Count="1" Type="UShort" IsReverse="true" ValueLength="1" MinValue="0" MaxValue="0" Bit="0" ReadCommand="3" WriteSingleCommand="6" WriteMultipleCommand="16" IsWriteProtection="false" />
  <DevicePoint Index="45" Address="40312" Count="1" Type="UShort" IsReverse="true" ValueLength="1" MinValue="0" MaxValue="0" Bit="0" ReadCommand="3" WriteSingleCommand="6" WriteMultipleCommand="16" IsWriteProtection="false" />
  <DevicePoint Index="46" Address="40313" Count="1" Type="UShort" IsReverse="true" ValueLength="1" MinValue="0" MaxValue="0" Bit="0" ReadCommand="3" WriteSingleCommand="6" WriteMultipleCommand="16" IsWriteProtection="false" />
  <DevicePoint Index="47" Address="40314" Count="1" Type="UShort" IsReverse="true" ValueLength="1" MinValue="0" MaxValue="0" Bit="0" ReadCommand="3" WriteSingleCommand="6" WriteMultipleCommand="16" IsWriteProtection="false" />
  <DevicePoint Index="48" Address="40315" Count="1" Type="UShort" IsReverse="true" ValueLength="1" MinValue="0" MaxValue="0" Bit="0" ReadCommand="3" WriteSingleCommand="6" WriteMultipleCommand="16" IsWriteProtection="false" />
  <DevicePoint Index="49" Address="40316" Count="1" Type="UShort" IsReverse="true" ValueLength="5" MinValue="0" MaxValue="65535" Bit="0" ReadCommand="3" WriteSingleCommand="6" WriteMultipleCommand="16" IsWriteProtection="false" />
  <DevicePoint Index="50" Address="40317" Count="1" Type="UShort" IsReverse="true" ValueLength="5" MinValue="0" MaxValue="65535" Bit="0" ReadCommand="3" WriteSingleCommand="6" WriteMultipleCommand="16" IsWriteProtection="false" />
  <DevicePoint Index="51" Address="40318" Count="1" Type="UShort" IsReverse="true" ValueLength="5" MinValue="0" MaxValue="65535" Bit="0" ReadCommand="3" WriteSingleCommand="6" WriteMultipleCommand="16" IsWriteProtection="false" />
  <DevicePoint Index="52" Address="40319" Count="1" Type="UShort" IsReverse="true" ValueLength="5" MinValue="0" MaxValue="65535" Bit="0" ReadCommand="3" WriteSingleCommand="6" WriteMultipleCommand="16" IsWriteProtection="false" />
  <DevicePoint Index="53" Address="40320" Count="1" Type="UShort" IsReverse="true" ValueLength="5" MinValue="0" MaxValue="65535" Bit="0" ReadCommand="3" WriteSingleCommand="6" WriteMultipleCommand="16" IsWriteProtection="false" />
  <DevicePoint Index="54" Address="40321" Count="1" Type="UShort" IsReverse="true" ValueLength="5" MinValue="0" MaxValue="65535" Bit="0" ReadCommand="3" WriteSingleCommand="6" WriteMultipleCommand="16" IsWriteProtection="false" />
  <DevicePoint Index="55" Address="40322" Count="1" Type="UShort" IsReverse="true" ValueLength="5" MinValue="0" MaxValue="65535" Bit="0" ReadCommand="3" WriteSingleCommand="6" WriteMultipleCommand="16" IsWriteProtection="false" />
  <DevicePoint Index="56" Address="40323" Count="1" Type="UShort" IsReverse="true" ValueLength="5" MinValue="0" MaxValue="65535" Bit="0" ReadCommand="3" WriteSingleCommand="6" WriteMultipleCommand="16" IsWriteProtection="false" />
  <DevicePoint Index="57" Address="40324" Count="1" Type="UShort" IsReverse="true" ValueLength="5" MinValue="0" MaxValue="65535" Bit="0" ReadCommand="3" WriteSingleCommand="6" WriteMultipleCommand="16" IsWriteProtection="false" />
  <DevicePoint Index="58" Address="40325" Count="1" Type="UShort" IsReverse="true" ValueLength="5" MinValue="0" MaxValue="65535" Bit="0" ReadCommand="3" WriteSingleCommand="6" WriteMultipleCommand="16" IsWriteProtection="false" />
  <DevicePoint Index="59" Address="40326" Count="1" Type="UShort" IsReverse="true" ValueLength="5" MinValue="0" MaxValue="65535" Bit="0" ReadCommand="3" WriteSingleCommand="6" WriteMultipleCommand="16" IsWriteProtection="false" />
  <DevicePoint Index="60" Address="40327" Count="1" Type="UShort" IsReverse="true" ValueLength="5" MinValue="0" MaxValue="65535" Bit="0" ReadCommand="3" WriteSingleCommand="6" WriteMultipleCommand="16" IsWriteProtection="false" />
  <DevicePoint Index="61" Address="40328" Count="1" Type="UShort" IsReverse="true" ValueLength="5" MinValue="0" MaxValue="65535" Bit="0" ReadCommand="3" WriteSingleCommand="6" WriteMultipleCommand="16" IsWriteProtection="false" />
  <DevicePoint Index="62" Address="40329" Count="1" Type="UShort" IsReverse="true" ValueLength="5" MinValue="0" MaxValue="65535" Bit="0" ReadCommand="3" WriteSingleCommand="6" WriteMultipleCommand="16" IsWriteProtection="false" />
  <DevicePoint Index="63" Address="40330" Count="1" Type="UShort" IsReverse="true" ValueLength="5" MinValue="0" MaxValue="65535" Bit="0" ReadCommand="3" WriteSingleCommand="6" WriteMultipleCommand="16" IsWriteProtection="false" />
  <DevicePoint Index="64" Address="40331" Count="1" Type="UShort" IsReverse="true" ValueLength="5" MinValue="0" MaxValue="65535" Bit="0" ReadCommand="3" WriteSingleCommand="6" WriteMultipleCommand="16" IsWriteProtection="false" />
  <DevicePoint Index="65" Address="40332" Count="1" Type="UShort" IsReverse="true" ValueLength="5" MinValue="0" MaxValue="65535" Bit="0" ReadCommand="3" WriteSingleCommand="6" WriteMultipleCommand="16" IsWriteProtection="false" />
  <DevicePoint Index="66" Address="40333" Count="1" Type="UShort" IsReverse="true" ValueLength="5" MinValue="0" MaxValue="65535" Bit="0" ReadCommand="3" WriteSingleCommand="6" WriteMultipleCommand="16" IsWriteProtection="false" />
  <DevicePoint Index="67" Address="40334" Count="1" Type="UShort" IsReverse="true" ValueLength="5" MinValue="0" MaxValue="65535" Bit="0" ReadCommand="3" WriteSingleCommand="6" WriteMultipleCommand="16" IsWriteProtection="false" />
  <DevicePoint Index="68" Address="40335" Count="1" Type="UShort" IsReverse="true" ValueLength="5" MinValue="0" MaxValue="65535" Bit="0" ReadCommand="3" WriteSingleCommand="6" WriteMultipleCommand="16" IsWriteProtection="false" />
  <DevicePoint Index="69" Address="40336" Count="1" Type="UShort" IsReverse="true" ValueLength="5" MinValue="0" MaxValue="65535" Bit="0" ReadCommand="3" WriteSingleCommand="6" WriteMultipleCommand="16" IsWriteProtection="false" />
  <DevicePoint Index="70" Address="40337" Count="1" Type="UShort" IsReverse="true" ValueLength="5" MinValue="0" MaxValue="65535" Bit="0" ReadCommand="3" WriteSingleCommand="6" WriteMultipleCommand="16" IsWriteProtection="false" />
  <DevicePoint Index="71" Address="40338" Count="1" Type="UShort" IsReverse="true" ValueLength="5" MinValue="0" MaxValue="65535" Bit="0" ReadCommand="3" WriteSingleCommand="6" WriteMultipleCommand="16" IsWriteProtection="false" />
  <DevicePoint Index="72" Address="40339" Count="1" Type="UShort" IsReverse="true" ValueLength="5" MinValue="0" MaxValue="65535" Bit="0" ReadCommand="3" WriteSingleCommand="6" WriteMultipleCommand="16" IsWriteProtection="false" />
  <DevicePoint Index="73" Address="40340" Count="1" Type="UShort" IsReverse="true" ValueLength="5" MinValue="1" MaxValue="65535" Bit="0" ReadCommand="3" WriteSingleCommand="6" WriteMultipleCommand="16" IsWriteProtection="false" />
  <DevicePoint Index="74" Address="40341" Count="1" Type="UShort" IsReverse="true" ValueLength="5" MinValue="1" MaxValue="65535" Bit="0" ReadCommand="3" WriteSingleCommand="6" WriteMultipleCommand="16" IsWriteProtection="false" />
  <DevicePoint Index="75" Address="40342" Count="1" Type="UShort" IsReverse="true" ValueLength="5" MinValue="1" MaxValue="65535" Bit="0" ReadCommand="3" WriteSingleCommand="6" WriteMultipleCommand="16" IsWriteProtection="false" />
  <DevicePoint Index="76" Address="40343" Count="1" Type="UShort" IsReverse="true" ValueLength="5" MinValue="1" MaxValue="65535" Bit="0" ReadCommand="3" WriteSingleCommand="6" WriteMultipleCommand="16" IsWriteProtection="false" />
  <DevicePoint Index="77" Address="40344" Count="1" Type="UShort" IsReverse="true" ValueLength="5" MinValue="1" MaxValue="65535" Bit="0" ReadCommand="3" WriteSingleCommand="6" WriteMultipleCommand="16" IsWriteProtection="false" />
  <DevicePoint Index="78" Address="40345" Count="1" Type="UShort" IsReverse="true" ValueLength="5" MinValue="1" MaxValue="65535" Bit="0" ReadCommand="3" WriteSingleCommand="6" WriteMultipleCommand="16" IsWriteProtection="false" />
  <DevicePoint Index="79" Address="40346" Count="1" Type="UShort" IsReverse="true" ValueLength="5" MinValue="1" MaxValue="65535" Bit="0" ReadCommand="3" WriteSingleCommand="6" WriteMultipleCommand="16" IsWriteProtection="false" />
  <DevicePoint Index="80" Address="40347" Count="1" Type="UShort" IsReverse="true" ValueLength="5" MinValue="1" MaxValue="65535" Bit="0" ReadCommand="3" WriteSingleCommand="6" WriteMultipleCommand="16" IsWriteProtection="false" />
  <DevicePoint Index="81" Address="40348" Count="1" Type="UShort" IsReverse="true" ValueLength="1" MinValue="0" MaxValue="1" Bit="1" ReadCommand="3" WriteSingleCommand="6" WriteMultipleCommand="16" IsWriteProtection="false" />
  <DevicePoint Index="82" Address="40348" Count="1" Type="UShort" IsReverse="true" ValueLength="1" MinValue="0" MaxValue="1" Bit="2" ReadCommand="3" WriteSingleCommand="6" WriteMultipleCommand="16" IsWriteProtection="false" />
  <DevicePoint Index="83" Address="40348" Count="1" Type="UShort" IsReverse="true" ValueLength="1" MinValue="0" MaxValue="1" Bit="3" ReadCommand="3" WriteSingleCommand="6" WriteMultipleCommand="16" IsWriteProtection="false" />
  <DevicePoint Index="84" Address="40348" Count="1" Type="UShort" IsReverse="true" ValueLength="1" MinValue="0" MaxValue="1" Bit="4" ReadCommand="3" WriteSingleCommand="6" WriteMultipleCommand="16" IsWriteProtection="false" />
  <DevicePoint Index="85" Address="40348" Count="1" Type="UShort" IsReverse="true" ValueLength="1" MinValue="0" MaxValue="1" Bit="5" ReadCommand="3" WriteSingleCommand="6" WriteMultipleCommand="16" IsWriteProtection="false" />
  <DevicePoint Index="86" Address="40348" Count="1" Type="UShort" IsReverse="true" ValueLength="1" MinValue="0" MaxValue="1" Bit="6" ReadCommand="3" WriteSingleCommand="6" WriteMultipleCommand="16" IsWriteProtection="false" />
  <DevicePoint Index="87" Address="40348" Count="1" Type="UShort" IsReverse="true" ValueLength="1" MinValue="0" MaxValue="1" Bit="7" ReadCommand="3" WriteSingleCommand="6" WriteMultipleCommand="16" IsWriteProtection="false" />
  <DevicePoint Index="88" Address="40348" Count="1" Type="UShort" IsReverse="true" ValueLength="1" MinValue="0" MaxValue="1" Bit="8" ReadCommand="3" WriteSingleCommand="6" WriteMultipleCommand="16" IsWriteProtection="false" />
  <DevicePoint Index="89" Address="40349" Count="1" Type="UShort" IsReverse="true" ValueLength="1" MinValue="0" MaxValue="1" Bit="0" ReadCommand="3" WriteSingleCommand="6" WriteMultipleCommand="16" IsWriteProtection="false" />
  <DevicePoint Index="90" Address="40350" Count="1" Type="UShort" IsReverse="true" ValueLength="1" MinValue="0" MaxValue="1" Bit="0" ReadCommand="3" WriteSingleCommand="6" WriteMultipleCommand="16" IsWriteProtection="false" />
  <DevicePoint Index="91" Address="40351" Count="1" Type="UShort" IsReverse="true" ValueLength="5" MinValue="50" MaxValue="65535" Bit="0" ReadCommand="3" WriteSingleCommand="6" WriteMultipleCommand="16" IsWriteProtection="false" />
  <DevicePoint Index="92" Address="40352" Count="1" Type="UShort" IsReverse="true" ValueLength="5" MinValue="50" MaxValue="65535" Bit="0" ReadCommand="3" WriteSingleCommand="6" WriteMultipleCommand="16" IsWriteProtection="false" />
</Config>