﻿<?xml version="1.0" encoding="utf-8" standalone="yes"?>
<Config>
  <Device Model="599" Name="M208" RelationFile="M208.xml" DevicePointFile="M208.xls" VersionPoint="3" SubAddressOffset="0" WriteProtectionAddress="0" WriteProtectionAddressCount="0" WriteProtectionCommand="0" WriteProtectionData="" CanRestart="false" RestartAddress="0" CanRestore="false" RestoreAddress="0" />
  <Device Name="A1-PDD2020-BB1" Model="4864" RelationFile="A1-PDD2020-BB1.xml" DevicePointFile="A1-PDD2020-BB1.xls" VersionPoint="2" SubAddressOffset="0" WriteProtectionAddress="19" WriteProtectionAddressCount="1" WriteProtectionCommand="16" WriteProtectionData="0x5A01" CanRestart="true" RestartAddress="18" CanRestore="true" RestoreAddress="15" />
  <Device Name="A1-PDX2000-BX1" Model="4865" RelationFile="A1-PDX2000-BX1.xml" DevicePointFile="A1-PDX2000-BX1.xls" VersionPoint="2" SubAddressOffset="0" WriteProtectionAddress="19" WriteProtectionAddressCount="1" WriteProtectionCommand="16" WriteProtectionData="0x5A01" CanRestart="true" RestartAddress="18" CanRestore="true" RestoreAddress="15" />
  <Device Name="A1-PXD0020-BX1" Model="4866" RelationFile="A1-PXD0020-BX1.xml" DevicePointFile="A1-PXD0020-BX1.xls" VersionPoint="2" SubAddressOffset="0" WriteProtectionAddress="19" WriteProtectionAddressCount="1" WriteProtectionCommand="16" WriteProtectionData="0x5A01" CanRestart="true" RestartAddress="18" CanRestore="true" RestoreAddress="15" />
  <Device Name="A1-PDD4040-BB1" Model="4867" RelationFile="A1-PDD4040-BB1.xml" DevicePointFile="A1-PDD4040-BB1.xls" VersionPoint="2" SubAddressOffset="0" WriteProtectionAddress="19" WriteProtectionAddressCount="1" WriteProtectionCommand="16" WriteProtectionData="0x5A01" CanRestart="true" RestartAddress="18" CanRestore="true" RestoreAddress="15" />
  <Device Name="A1-PDX4000-BX1" Model="4868" RelationFile="A1-PDX4000-BX1.xml" DevicePointFile="A1-PDX4000-BX1.xls" VersionPoint="2" SubAddressOffset="0" WriteProtectionAddress="19" WriteProtectionAddressCount="1" WriteProtectionCommand="16" WriteProtectionData="0x5A01" CanRestart="true" RestartAddress="18" CanRestore="true" RestoreAddress="15" />
  <Device Name="A1-PDX0040-BX1" Model="4869" RelationFile="A1-PDX0040-BX1.xml" DevicePointFile="A1-PDX0040-BX1.xls" VersionPoint="2" SubAddressOffset="0" WriteProtectionAddress="19" WriteProtectionAddressCount="1" WriteProtectionCommand="16" WriteProtectionData="0x5A01" CanRestart="true" RestartAddress="18" CanRestore="true" RestoreAddress="15" />
  <Device Name="A1-PAX0400-EX1" Model="4870" RelationFile="A1-PAX0400-EX1.xml" DevicePointFile="A1-PAX0400-EX1.xls" VersionPoint="2" SubAddressOffset="0" WriteProtectionAddress="19" WriteProtectionAddressCount="1" WriteProtectionCommand="16" WriteProtectionData="0x5A01" CanRestart="true" RestartAddress="18" CanRestore="true" RestoreAddress="15" />
  <Device Name="A1-PAX0400-BX1" Model="4871" RelationFile="A1-PAX0400-BX1.xml" DevicePointFile="A1-PAX0400-BX1.xls" VersionPoint="2" SubAddressOffset="0" WriteProtectionAddress="19" WriteProtectionAddressCount="1" WriteProtectionCommand="16" WriteProtectionData="0x5A01" CanRestart="true" RestartAddress="18" CanRestore="true" RestoreAddress="15" />
  <Device Name="A1-PAX0200-BX1" Model="4872" RelationFile="A1-PAX0200-BX1.xml" DevicePointFile="A1-PAX0200-BX1.xls" VersionPoint="2" SubAddressOffset="0" WriteProtectionAddress="19" WriteProtectionAddressCount="1" WriteProtectionCommand="16" WriteProtectionData="0x5A01" CanRestart="true" RestartAddress="18" CanRestore="true" RestoreAddress="15" />
  <Device Name="A1-PAX0200-EX1" Model="4873" RelationFile="A1-PAX0200-EX1.xml" DevicePointFile="A1-PAX0200-EX1.xls" VersionPoint="2" SubAddressOffset="0" WriteProtectionAddress="19" WriteProtectionAddressCount="1" WriteProtectionCommand="16" WriteProtectionData="0x5A01" CanRestart="true" RestartAddress="18" CanRestore="true" RestoreAddress="15" />
  <Device Name="A1-SDD1010-BB1" Model="4874" RelationFile="A1-SDD1010-BB1.xml" DevicePointFile="A1-SDD1010-BB1.xls" VersionPoint="2" SubAddressOffset="0" WriteProtectionAddress="19" WriteProtectionAddressCount="1" WriteProtectionCommand="16" WriteProtectionData="0x5A01" CanRestart="true" RestartAddress="18" CanRestore="true" RestoreAddress="15" />
  <Device Name="A1-SDX2000-BX1" Model="4875" RelationFile="A1-SDX2000-BX1.xml" DevicePointFile="A1-SDX2000-BX1.xls" VersionPoint="2" SubAddressOffset="0" WriteProtectionAddress="19" WriteProtectionAddressCount="1" WriteProtectionCommand="16" WriteProtectionData="0x5A01" CanRestart="true" RestartAddress="18" CanRestore="true" RestoreAddress="15" />
  <Device Name="A1-SXD0020-BX1" Model="4876" RelationFile="A1-SXD0020-BX1.xml" DevicePointFile="A1-SXD0020-BX1.xls" VersionPoint="2" SubAddressOffset="0" WriteProtectionAddress="19" WriteProtectionAddressCount="1" WriteProtectionCommand="16" WriteProtectionData="0x5A01" CanRestart="true" RestartAddress="18" CanRestore="true" RestoreAddress="15" />
  <Device Name="A1-SAX0200-BX1" Model="4877" RelationFile="A1-SAX0200-BX1.xml" DevicePointFile="A1-SAX0200-BX1.xls" VersionPoint="2" SubAddressOffset="0" WriteProtectionAddress="19" WriteProtectionAddressCount="1" WriteProtectionCommand="16" WriteProtectionData="0x5A01" CanRestart="true" RestartAddress="18" CanRestore="true" RestoreAddress="15" />
  <Device Name="A1-SAX0200-EX1" Model="4878" RelationFile="A1-SAX0200-EX1.xml" DevicePointFile="A1-SAX0200-EX1.xls" VersionPoint="2" SubAddressOffset="0" WriteProtectionAddress="19" WriteProtectionAddressCount="1" WriteProtectionCommand="16" WriteProtectionData="0x5A01" CanRestart="true" RestartAddress="18" CanRestore="true" RestoreAddress="15" />
  <Device Name="A1-SDD1010-AB3" Model="4879" RelationFile="A1-SDD1010-AB3.xml" DevicePointFile="A1-SDD1010-AB3.xls" VersionPoint="3" SubAddressOffset="0" WriteProtectionAddress="0" WriteProtectionAddressCount="0" WriteProtectionCommand="0" WriteProtectionData="" CanRestart="false" RestartAddress="0" CanRestore="false" RestoreAddress="0" />
  <Device Name="A1-SDX2000-AX3" Model="4880" RelationFile="A1-SDX2000-AX3.xml" DevicePointFile="A1-SDX2000-AX3.xls" VersionPoint="3" SubAddressOffset="0" WriteProtectionAddress="0" WriteProtectionAddressCount="0" WriteProtectionCommand="0" WriteProtectionData="" CanRestart="false" RestartAddress="0" CanRestore="false" RestoreAddress="0" />
  <Device Name="A1-SXD0020-BX3" Model="4881" RelationFile="A1-SXD0020-BX3.xml" DevicePointFile="A1-SXD0020-BX3.xls" VersionPoint="3" SubAddressOffset="0" WriteProtectionAddress="0" WriteProtectionAddressCount="0" WriteProtectionCommand="0" WriteProtectionData="" CanRestart="false" RestartAddress="0" CanRestore="false" RestoreAddress="0" />
  <Device Model="5122" Name="A2-SDD4040-AD1" RelationFile="A2-SDD4040-AD1.xml" DevicePointFile="A2-SDD4040-AD1.xls" VersionPoint="2" SubAddressOffset="0" WriteProtectionAddress="19" WriteProtectionAddressCount="1" WriteProtectionCommand="16" WriteProtectionData="0x5A01" CanRestart="true" RestartAddress="18" CanRestore="true" RestoreAddress="15" />
  <Device Model="5123" Name="A2-SDD4040-BBA" RelationFile="A2-SDD4040-BBA.xml" DevicePointFile="A2-SDD4040-BBA.xls" VersionPoint="2" SubAddressOffset="0" WriteProtectionAddress="19" WriteProtectionAddressCount="1" WriteProtectionCommand="16" WriteProtectionData="0x5A01" CanRestart="true" RestartAddress="18" CanRestore="true" RestoreAddress="15" />
  <Device Name="A2-SDD4040-BB3" Model="5126" RelationFile="A2-SDD4040-BB3.xml" DevicePointFile="A2-SDD4040-BB3.xls" VersionPoint="3" SubAddressOffset="0" WriteProtectionAddress="0" WriteProtectionAddressCount="0" WriteProtectionCommand="0" WriteProtectionData="" CanRestart="false" RestartAddress="0" CanRestore="false" RestoreAddress="0" />
  <Device Model="5127" Name="A2-SDD4040-AD3" RelationFile="A2-SDD4040-AD3.xml" DevicePointFile="A2-SDD4040-AD3.xls" VersionPoint="3" SubAddressOffset="0" WriteProtectionAddress="0" WriteProtectionAddressCount="0" WriteProtectionCommand="0" WriteProtectionData="" CanRestart="false" RestartAddress="0" CanRestore="false" RestoreAddress="0" />
  <Device Model="5133" Name="A2-SDD8020-AD1" RelationFile="A2-SDD8020-AD1.xml" DevicePointFile="A2-SDD8020-AD1.xls" VersionPoint="2" SubAddressOffset="0" WriteProtectionAddress="19" WriteProtectionAddressCount="1" WriteProtectionCommand="16" WriteProtectionData="0x5A01" CanRestart="true" RestartAddress="18" CanRestore="true" RestoreAddress="15" />
  <Device Model="5134" Name="A2-SDD2080-AD1" RelationFile="A2-SDD2080-AD1.xml" DevicePointFile="A2-SDD2080-AD1.xls" VersionPoint="2" SubAddressOffset="0" WriteProtectionAddress="19" WriteProtectionAddressCount="1" WriteProtectionCommand="16" WriteProtectionData="0x5A01" CanRestart="true" RestartAddress="18" CanRestore="true" RestoreAddress="15" />
  <Device Model="5135" Name="A2-SDD8020-AD3" RelationFile="A2-SDD8020-AD3.xml" DevicePointFile="A2-SDD8020-AD3.xls" VersionPoint="3" SubAddressOffset="0" WriteProtectionAddress="0" WriteProtectionAddressCount="0" WriteProtectionCommand="0" WriteProtectionData="" CanRestart="false" RestartAddress="0" CanRestore="true" RestoreAddress="15" />
  <Device Model="5139" Name="A2-SDD8080-AC1" RelationFile="A2-SDD8080-AC1.xml" DevicePointFile="A2-SDD8080-AC1.xls" VersionPoint="2" SubAddressOffset="0" WriteProtectionAddress="19" WriteProtectionAddressCount="1" WriteProtectionCommand="16" WriteProtectionData="0x5A01" CanRestart="true" RestartAddress="18" CanRestore="true" RestoreAddress="15" />
  <Device Model="5141" Name="A2-SDD8080-BAA" RelationFile="A2-SDD8080-BAA.xml" DevicePointFile="A2-SDD8080-BAA.xls" VersionPoint="2" SubAddressOffset="0" WriteProtectionAddress="19" WriteProtectionAddressCount="1" WriteProtectionCommand="16" WriteProtectionData="0x5A01" CanRestart="true" RestartAddress="18" CanRestore="true" RestoreAddress="15" />
  <Device Model="5147" Name="A2-SDXA000-AX1" RelationFile="A2-SDXA000-AX1.xml" DevicePointFile="A2-SDXA000-AX1.xls" VersionPoint="2" SubAddressOffset="0" WriteProtectionAddress="19" WriteProtectionAddressCount="1" WriteProtectionCommand="16" WriteProtectionData="0x5A01" CanRestart="true" RestartAddress="18" CanRestore="true" RestoreAddress="15" />
  <Device Name="A2-SAX0800-FX3" Model="5150" RelationFile="A2-SAX0800-FX3.xml" DevicePointFile="A2-SAX0800-FX3.xls" VersionPoint="3" SubAddressOffset="0" WriteProtectionAddress="0" WriteProtectionAddressCount="0" WriteProtectionCommand="0" WriteProtectionData="" CanRestart="false" RestartAddress="18" CanRestore="false" RestoreAddress="15" />
  <Device Name="A2-SAX0800-CX3" Model="5151" RelationFile="A2-SAX0800-CX3.xml" DevicePointFile="A2-SAX0800-CX3.xls" VersionPoint="3" SubAddressOffset="0" WriteProtectionAddress="0" WriteProtectionAddressCount="0" WriteProtectionCommand="0" WriteProtectionData="" CanRestart="false" RestartAddress="18" CanRestore="false" RestoreAddress="15" />
  <Device Model="5154" Name="A2-SXD0080-DX1" RelationFile="A2-SXD0080-DX1.xml" DevicePointFile="A2-SXD0080-DX1.xls" VersionPoint="2" SubAddressOffset="0" WriteProtectionAddress="19" WriteProtectionAddressCount="1" WriteProtectionCommand="16" WriteProtectionData="0x5A01" CanRestart="true" RestartAddress="18" CanRestore="true" RestoreAddress="15" />
  <Device Model="5155" Name="A2-SXD0080-DX3" RelationFile="A2-SXD0080-DX3.xml" DevicePointFile="A2-SXD0080-DX3.xls" VersionPoint="3" SubAddressOffset="0" WriteProtectionAddress="0" WriteProtectionAddressCount="0" WriteProtectionCommand="0" WriteProtectionData="" CanRestart="false" RestartAddress="0" CanRestore="false" RestoreAddress="0" />
  <Device Model="5161" Name="A2-SDD8040-AD3" RelationFile="A2-SDD8040-AD3.xml" DevicePointFile="A2-SDD8040-AD3.xls" VersionPoint="3" SubAddressOffset="0" WriteProtectionAddress="0" WriteProtectionAddressCount="0" WriteProtectionCommand="0" WriteProtectionData="" CanRestart="false" RestartAddress="0" CanRestore="false" RestoreAddress="15" />
  <Device Name="A2-SAX0200-CX3" Model="5165" RelationFile="A2-SAX0200-CX3.xml" DevicePointFile="A2-SAX0200-CX3.xls" VersionPoint="3" SubAddressOffset="0" WriteProtectionAddress="0" WriteProtectionAddressCount="0" WriteProtectionCommand="0" WriteProtectionData="" CanRestart="false" RestartAddress="0" CanRestore="false" RestoreAddress="0" />
  <Device Name="A2-SAX0200-FX3" Model="5166" RelationFile="A2-SAX0200-FX3.xml" DevicePointFile="A2-SAX0200-FX3.xls" VersionPoint="3" SubAddressOffset="0" WriteProtectionAddress="0" WriteProtectionAddressCount="0" WriteProtectionCommand="0" WriteProtectionData="" CanRestart="false" RestartAddress="18" CanRestore="false" RestoreAddress="15" />
  <Device Name="A2-SMX2800-AC1" Model="5142" RelationFile="A2-SMX2800-AC1.xml" DevicePointFile="A2-SMX2800-AC1.xls" VersionPoint="2" SubAddressOffset="0" WriteProtectionAddress="19" WriteProtectionAddressCount="1" WriteProtectionCommand="16" WriteProtectionData="0x5A01" CanRestart="true" RestartAddress="18" CanRestore="true" RestoreAddress="15" />
  <Device Name="3C-DA4000" Model="5167" RelationFile="3C-DA4000.xml" DevicePointFile="3C-DA4000.xls" VersionPoint="2" SubAddressOffset="0" WriteProtectionAddress="19" WriteProtectionAddressCount="1" WriteProtectionCommand="16" WriteProtectionData="0x5A01" CanRestart="true" RestartAddress="18" CanRestore="true" RestoreAddress="15" />
  <Device Name="A2-SDX6000-CX1" Model="5153" RelationFile="A2-SDX6000-CX1.xml" DevicePointFile="A2-SDX6000-CX1.xls" VersionPoint="2" SubAddressOffset="0" WriteProtectionAddress="19" WriteProtectionAddressCount="1" WriteProtectionCommand="16" WriteProtectionData="0x5A01" CanRestart="true" RestartAddress="18" CanRestore="true" RestoreAddress="15" />
  <Device Name="A2-SDD4040-DD3" Model="5129" RelationFile="A2-SDD4040-DD3.xml" DevicePointFile="A2-SDD4040-DD3.xls" VersionPoint="3" SubAddressOffset="0" WriteProtectionAddress="0" WriteProtectionAddressCount="0" WriteProtectionCommand="0" WriteProtectionData="" CanRestart="false" RestartAddress="0" CanRestore="false" RestoreAddress="0" />
  <Device Name="A2-SDD4040-AD4" Model="5131" RelationFile="A2-SDD4040-AD4.xml" DevicePointFile="A2-SDD4040-AD4.xls" VersionPoint="3" SubAddressOffset="0" WriteProtectionAddress="0" WriteProtectionAddressCount="0" WriteProtectionCommand="0" WriteProtectionData="" CanRestart="false" RestartAddress="0" CanRestore="false" RestoreAddress="0" />
  <Device Name="A2-SDD4040-CD1" Model="5120" RelationFile="A2-SDD4040-CD1.xml" DevicePointFile="A2-SDD4040-CD1.xls" VersionPoint="2" SubAddressOffset="0" WriteProtectionAddress="19" WriteProtectionAddressCount="1" WriteProtectionCommand="16" WriteProtectionData="0x5A01" CanRestart="true" RestartAddress="18" CanRestore="true" RestoreAddress="15" />
  <Device Name="A2-SDD4040-BB8" Model="5125" RelationFile="A2-SDD4040-BB8.xml" DevicePointFile="A2-SDD4040-BB8.xls" VersionPoint="2" SubAddressOffset="0" WriteProtectionAddress="19" WriteProtectionAddressCount="1" WriteProtectionCommand="16" WriteProtectionData="0x5A01" CanRestart="true" RestartAddress="18" CanRestore="true" RestoreAddress="15" />
  <Device Name="A2-SDD4040-BBB" Model="5130" RelationFile="A2-SDD4040-BBB.xml" DevicePointFile="A2-SDD4040-BBB.xls" VersionPoint="3" SubAddressOffset="0" WriteProtectionAddress="0" WriteProtectionAddressCount="0" WriteProtectionCommand="0" WriteProtectionData="" CanRestart="false" RestartAddress="0" CanRestore="false" RestoreAddress="0" />
  <Device Name="A2-SDD4040-BB9" Model="5132" RelationFile="A2-SDD4040-BB9.xml" DevicePointFile="A2-SDD4040-BB9.xls" VersionPoint="3" SubAddressOffset="0" WriteProtectionAddress="0" WriteProtectionAddressCount="0" WriteProtectionCommand="0" WriteProtectionData="" CanRestart="false" RestartAddress="0" CanRestore="false" RestoreAddress="0" />
  <Device Name="A2-SDD8080-DC1" Model="5140" RelationFile="A2-SDD8080-DC1.xml" DevicePointFile="A2-SDD8080-DC1.xls" VersionPoint="2" SubAddressOffset="0" WriteProtectionAddress="19" WriteProtectionAddressCount="1" WriteProtectionCommand="16" WriteProtectionData="0x5A01" CanRestart="true" RestartAddress="18" CanRestore="true" RestoreAddress="15" />
  <Device Name="A2-SDXA000-DX1" Model="5146" RelationFile="A2-SDXA000-DX1.xml" DevicePointFile="A2-SDXA000-DX1.xls" VersionPoint="2" SubAddressOffset="0" WriteProtectionAddress="19" WriteProtectionAddressCount="1" WriteProtectionCommand="16" WriteProtectionData="0x5A01" CanRestart="true" RestartAddress="18" CanRestore="true" RestoreAddress="15" />
  <Device Name="A2-SXA0004-CX1" Model="5148" RelationFile="A2-SXA0004-CX1.xml" DevicePointFile="A2-SXA0004-CX1.xls" VersionPoint="2" SubAddressOffset="0" WriteProtectionAddress="19" WriteProtectionAddressCount="1" WriteProtectionCommand="16" WriteProtectionData="0x5A01" CanRestart="true" RestartAddress="18" CanRestore="true" RestoreAddress="15" />
  <Device Name="A2-SXA0004-BX1" Model="5149" RelationFile="A2-SXA0004-BX1.xml" DevicePointFile="A2-SXA0004-BX1.xls" VersionPoint="2" SubAddressOffset="0" WriteProtectionAddress="19" WriteProtectionAddressCount="1" WriteProtectionCommand="16" WriteProtectionData="0x5A01" CanRestart="true" RestartAddress="18" CanRestore="true" RestoreAddress="15" />
  <Device Name="A2-SDD8020-AD4" Model="5137" RelationFile="A2-SDD8020-AD4.xml" DevicePointFile="A2-SDD8020-AD4.xls" VersionPoint="3" SubAddressOffset="0" WriteProtectionAddress="0" WriteProtectionAddressCount="0" WriteProtectionCommand="0" WriteProtectionData="" CanRestart="false" RestartAddress="0" CanRestore="false" RestoreAddress="0" />
  <Device Name="A2-SMX2800-AF1" Model="5143" RelationFile="A2-SMX2800-AF1.xml" DevicePointFile="A2-SMX2800-AF1.xls" VersionPoint="2" SubAddressOffset="0" WriteProtectionAddress="19" WriteProtectionAddressCount="1" WriteProtectionCommand="16" WriteProtectionData="0x5A01" CanRestart="true" RestartAddress="18" CanRestore="true" RestoreAddress="15" />
  <Device Name="A2-SDD4040-AD7" Model="5128" RelationFile="A2-SDD4040-AD7.xml" DevicePointFile="A2-SDD4040-AD7.xls" VersionPoint="3" SubAddressOffset="0" WriteProtectionAddress="0" WriteProtectionAddressCount="0" WriteProtectionCommand="0" WriteProtectionData="" CanRestart="false" RestartAddress="0" CanRestore="false" RestoreAddress="0" />
  <Device Name="A2-SDD8020-DD3" Model="5136" RelationFile="A2-SDD8020-DD3.xml" DevicePointFile="A2-SDD8020-DD3.xls" VersionPoint="3" SubAddressOffset="0" WriteProtectionAddress="0" WriteProtectionAddressCount="0" WriteProtectionCommand="0" WriteProtectionData="" CanRestart="false" RestartAddress="0" CanRestore="false" RestoreAddress="0" />
  <Device Name="A2-SDD8080-BC1" Model="5170" RelationFile="A2-SDD8080-BC1.xml" DevicePointFile="A2-SDD8080-BC1.xls" VersionPoint="2" SubAddressOffset="0" WriteProtectionAddress="19" WriteProtectionAddressCount="1" WriteProtectionCommand="16" WriteProtectionData="0x5A01" CanRestart="true" RestartAddress="18" CanRestore="true" RestoreAddress="15" />
  <Device Name="A2-SDD8080-BA8" Model="5168" RelationFile="A2-SDD8080-BA8.xml" DevicePointFile="A2-SDD8080-BA8.xls" VersionPoint="2" SubAddressOffset="0" WriteProtectionAddress="19" WriteProtectionAddressCount="1" WriteProtectionCommand="16" WriteProtectionData="0x5A01" CanRestart="true" RestartAddress="18" CanRestore="true" RestoreAddress="15" />
  <Device Name="A3-NDD4040-HD1" Model="5378" RelationFile="A3-NDD4040-HD1.xml" DevicePointFile="A3-NDD4040-HD1.xls" VersionPoint="2" SubAddressOffset="0" WriteProtectionAddress="19" WriteProtectionAddressCount="1" WriteProtectionCommand="16" WriteProtectionData="0x5A01" CanRestart="true" RestartAddress="18" CanRestore="true" RestoreAddress="15" />
  <Device Name="A2-SMX2800-AG1" Model="5144" RelationFile="A2-SMX2800-AG1.xml" DevicePointFile="A2-SMX2800-AG1.xls" VersionPoint="2" SubAddressOffset="0" WriteProtectionAddress="19" WriteProtectionAddressCount="1" WriteProtectionCommand="16" WriteProtectionData="0x5A01" CanRestart="true" RestartAddress="18" CanRestore="true" RestoreAddress="15" />
  <Device Name="A2-SMX2800-AD1" Model="5145" RelationFile="A2-SMX2800-AD1.xml" DevicePointFile="A2-SMX2800-AD1.xls" VersionPoint="2" SubAddressOffset="0" WriteProtectionAddress="19" WriteProtectionAddressCount="1" WriteProtectionCommand="16" WriteProtectionData="0x5A01" CanRestart="true" RestartAddress="18" CanRestore="true" RestoreAddress="15" />
  <Device Name="A2-SDD4040-BB1" Model="5169" RelationFile="A2-SDD4040-BB1.xml" DevicePointFile="A2-SDD4040-BB1.xls" VersionPoint="2" SubAddressOffset="0" WriteProtectionAddress="19" WriteProtectionAddressCount="1" WriteProtectionCommand="16" WriteProtectionData="0x5A01" CanRestart="true" RestartAddress="18" CanRestore="true" RestoreAddress="15" />
  <Device Name="A2-SMD4440-AE1" Model="5173" RelationFile="A2-SMD4440-AE1.xml" DevicePointFile="A2-SMD4440-AE1.xls" VersionPoint="2" SubAddressOffset="0" WriteProtectionAddress="19" WriteProtectionAddressCount="1" WriteProtectionCommand="16" WriteProtectionData="0x5A01" CanRestart="true" RestartAddress="18" CanRestore="true" RestoreAddress="15" />
  <Device Name="A3-NDD4040-HD3" Model="5379" RelationFile="A3-NDD4040-HD3.xml" DevicePointFile="A3-NDD4040-HD3.xls" VersionPoint="3" SubAddressOffset="0" WriteProtectionAddress="0" WriteProtectionAddressCount="0" WriteProtectionCommand="0" WriteProtectionData="" CanRestart="false" RestartAddress="0" CanRestore="false" RestoreAddress="0" />
  <Device Name="A2-SDD8020-BB3" Model="5174" RelationFile="A2-SDD8020-BB3.xml" DevicePointFile="A2-SDD8020-BB3.xls" VersionPoint="3" SubAddressOffset="0" WriteProtectionAddress="0" WriteProtectionAddressCount="0" WriteProtectionCommand="0" WriteProtectionData="" CanRestart="false" RestartAddress="0" CanRestore="false" RestoreAddress="0" />
  <Device Name="A2-KDDA0A0-AD6" Model="5160" RelationFile="A2-KDDA0A0-AD6.xml" DevicePointFile="A2-KDDA0A0-AD6.xls" VersionPoint="3" SubAddressOffset="0" WriteProtectionAddress="0" WriteProtectionAddressCount="0" WriteProtectionCommand="0" WriteProtectionData="" CanRestart="false" RestartAddress="0" CanRestore="false" RestoreAddress="0" />
  <Device Name="A3-MDDA0A0-HD3" Model="5376" RelationFile="A3-MDDA0A0-HD3.xml" DevicePointFile="A3-MDDA0A0-HD3.xls" VersionPoint="3" SubAddressOffset="0" WriteProtectionAddress="0" WriteProtectionAddressCount="0" WriteProtectionCommand="0" WriteProtectionData="" CanRestart="false" RestartAddress="0" CanRestore="false" RestoreAddress="0" />
  <Device Name="A2-KDDB080-AD3" Model="5159" RelationFile="A2-KDDB080-AD3.xml" DevicePointFile="A2-KDDB080-AD3.xls" VersionPoint="3" SubAddressOffset="0" WriteProtectionAddress="0" WriteProtectionAddressCount="0" WriteProtectionCommand="0" WriteProtectionData="" CanRestart="false" RestartAddress="0" CanRestore="false" RestoreAddress="0" />
  <Device Name="S1-BC48V12-U01" Model="5892" RelationFile="S1-BC48V12-U01.xml" DevicePointFile="S1-BC48V12-U01.xls" VersionPoint="2" SubAddressOffset="0" WriteProtectionAddress="19" WriteProtectionAddressCount="1" WriteProtectionCommand="16" WriteProtectionData="0x5A01" CanRestart="true" RestartAddress="18" CanRestore="true" RestoreAddress="15" />
  <Device Name="S1-BC48V12-U02" Model="5893" RelationFile="S1-BC48V12-U02.xml" DevicePointFile="S1-BC48V12-U02.xls" VersionPoint="3" SubAddressOffset="0" WriteProtectionAddress="0" WriteProtectionAddressCount="0" WriteProtectionCommand="0" WriteProtectionData="" CanRestart="false" RestartAddress="0" CanRestore="false" RestoreAddress="0" />
  <Device Name="A2-SDD4040-BB2" Model="5175" RelationFile="A2-SDD4040-BB2.xml" DevicePointFile="A2-SDD4040-BB2.xls" VersionPoint="3" SubAddressOffset="0" WriteProtectionAddress="0" WriteProtectionAddressCount="0" WriteProtectionCommand="0" WriteProtectionData="" CanRestart="false" RestartAddress="0" CanRestore="false" RestoreAddress="0" />
  <Device Name="A2-MDDA0A0-AD6" Model="5178" RelationFile="A2-MDDA0A0-AD6.xml" DevicePointFile="A2-MDDA0A0-AD6.xls" VersionPoint="3" SubAddressOffset="0" WriteProtectionAddress="0" WriteProtectionAddressCount="0" WriteProtectionCommand="0" WriteProtectionData="" CanRestart="false" RestartAddress="0" CanRestore="false" RestoreAddress="0" />
  <Device Name="A2-SDD4040-BB2" Model="5175" RelationFile="A2-SDD4040-BB2.xml" DevicePointFile="A2-SDD4040-BB2.xls" VersionPoint="3" SubAddressOffset="0" WriteProtectionAddress="0" WriteProtectionAddressCount="0" WriteProtectionCommand="0" WriteProtectionData="" />
  <Device Name="A2-KDDA0A0-AD3" Model="5176" RelationFile="A2-KDDA0A0-AD3.xml" DevicePointFile="A2-KDDA0A0-AD3.xls" VersionPoint="3" SubAddressOffset="0" WriteProtectionAddress="0" WriteProtectionAddressCount="0" WriteProtectionCommand="0" WriteProtectionData="" CanRestart="false" RestartAddress="0" CanRestore="false" RestoreAddress="0" />
  <Device Name="A2-SDD4040-DD1" Model="5121" RelationFile="A2-SDD4040-DD1.xml" DevicePointFile="A2-SDD4040-DD1.xls" VersionPoint="2" SubAddressOffset="0" WriteProtectionAddress="19" WriteProtectionAddressCount="1" WriteProtectionCommand="16" WriteProtectionData="0x5A01" CanRestart="true" RestartAddress="18" CanRestore="true" RestoreAddress="15" />
  <Device Name="S1-LS01L05-S01" Model="5889" RelationFile="S1-LS01L05-S01.xml" DevicePointFile="S1-LS01L05-S01.xls" VersionPoint="2" SubAddressOffset="0" WriteProtectionAddress="19" WriteProtectionAddressCount="1" WriteProtectionCommand="16" WriteProtectionData="0x5A01" CanRestart="true" RestartAddress="18" CanRestore="true" RestoreAddress="15" />
  <Device Name="S1-LS01N03-S01" Model="5891" RelationFile="S1-LS01N03-S01.xml" DevicePointFile="S1-LS01N03-S01.xls" VersionPoint="2" SubAddressOffset="0" WriteProtectionAddress="19" WriteProtectionAddressCount="1" WriteProtectionCommand="16" WriteProtectionData="0x5A01" CanRestart="true" RestartAddress="18" CanRestore="true" RestoreAddress="15" />
  <Device Name="A2-SMX2400-AF1" Model="5179" RelationFile="A2-SMX2400-AF1.xml" DevicePointFile="A2-SMX2400-AF1.xls" VersionPoint="2" SubAddressOffset="0" WriteProtectionAddress="19" WriteProtectionAddressCount="1" WriteProtectionCommand="16" WriteProtectionData="0x5A01" CanRestart="true" RestartAddress="18" CanRestore="true" RestoreAddress="15" />
  <Device Name="A2-SAX0800-AX1" Model="5180" RelationFile="A2-SAX0800-AX1.xml" DevicePointFile="A2-SAX0800-AX1.xls" VersionPoint="2" SubAddressOffset="0" WriteProtectionAddress="19" WriteProtectionAddressCount="1" WriteProtectionCommand="16" WriteProtectionData="0x5A01" CanRestart="true" RestartAddress="18" CanRestore="true" RestoreAddress="15" />
  <Device Name="S1-TH05E02-W01" Model="5888" RelationFile="S1-TH05E02-W01.xml" DevicePointFile="S1-TH05E02-W01.xls" VersionPoint="2" SubAddressOffset="0" WriteProtectionAddress="19" WriteProtectionAddressCount="1" WriteProtectionCommand="16" WriteProtectionData="0x5A01" CanRestart="true" RestartAddress="18" CanRestore="true" RestoreAddress="15" />
  <Device Name="S1-RCCT01X-C01" Model="5894" RelationFile="S1-RCCT01X-C01.xml" DevicePointFile="S1-RCCT01X-C01.xls" VersionPoint="2" SubAddressOffset="0" WriteProtectionAddress="19" WriteProtectionAddressCount="1" WriteProtectionCommand="16" WriteProtectionData="0x5A01" CanRestart="true" RestartAddress="18" CanRestore="true" RestoreAddress="15" />
  <Device Name="S1-TU02T06-S01" Model="5896" RelationFile="S1-TU02T06-S01.xml" DevicePointFile="S1-TU02T06-S01.xls" VersionPoint="2" SubAddressOffset="0" WriteProtectionAddress="19" WriteProtectionAddressCount="1" WriteProtectionCommand="16" WriteProtectionData="0x5A01" CanRestart="true" RestartAddress="18" CanRestore="true" RestoreAddress="15" />
  <Device Name="A2-SAX0800-AX3" Model="5181" RelationFile="A2_SAX0800_AX3.xml" DevicePointFile="A2_SAX0800_AX3.xls" VersionPoint="3" SubAddressOffset="0" WriteProtectionAddress="0" WriteProtectionAddressCount="0" WriteProtectionCommand="0" WriteProtectionData="" CanRestart="false" RestartAddress="0" CanRestore="false" RestoreAddress="0" />
  <Device Name="M2-SHE0101-CB1" Model="4363" RelationFile="M2-SHE0101-CB1.xml" DevicePointFile="M2-SHE0101-CB1.xls" VersionPoint="3" SubAddressOffset="0" WriteProtectionAddress="0" WriteProtectionAddressCount="0" WriteProtectionCommand="0" WriteProtectionData="" CanRestart="false" RestartAddress="0" CanRestore="false" RestoreAddress="0" />
  <Device Name="S1-BC24V02-K01" Model="5890" RelationFile="S1-BC24V02-K01.xml" DevicePointFile="S1-BC24V02-K01.xls" VersionPoint="2" SubAddressOffset="0" WriteProtectionAddress="19" WriteProtectionAddressCount="1" WriteProtectionCommand="16" WriteProtectionData="0x5A01" CanRestart="true" RestartAddress="18" CanRestore="true" RestoreAddress="15" />
  <Device Name="A-S1-TH05E02-D01" Model="5900" RelationFile="A-S1-TH05E02-D01.xml" DevicePointFile="A-S1-TH05E02-D01.xls" VersionPoint="2" SubAddressOffset="0" WriteProtectionAddress="19" WriteProtectionAddressCount="1" WriteProtectionCommand="16" WriteProtectionData="0x5A01" CanRestart="true" RestartAddress="18" CanRestore="true" RestoreAddress="15" />
</Config>