﻿<?xml version="1.0" encoding="utf-8" standalone="yes"?>
<Config>
  <DevicePoint Index="1" Address="40001" Count="1" Type="ModelString" IsReverse="true"/>
  <DevicePoint Index="2" Address="40002" Count="1" Type="Version" IsReverse="false"/>
  <DevicePoint Index="3" Address="40003" Count="10" Type="String" IsReverse="false"/>
  <DevicePoint Index="4" Address="40013" Count="1" Type="ushort" IsReverse="true"/>
  <DevicePoint Index="5" Address="40014" Count="1" Type="Brudrate" IsReverse="true"/>
  <DevicePoint Index="6" Address="40015" Count="1" Type="ushort" IsReverse="true"/>
  <DevicePoint Index="7" Address="40016" Count="1" Type="ushort" IsReverse="true"/>
  <DevicePoint Index="8" Address="40017" Count="1" Type="ushort" IsReverse="true"/>
  <DevicePoint Index="9" Address="10200" Count="1" Type="ushort" IsReverse="false"/>
  <DevicePoint Index="10" Address="10201" Count="1" Type="ushort" IsReverse="false"/>
  <DevicePoint Index="11" Address="10202" Count="1" Type="ushort" IsReverse="false"/>
  <DevicePoint Index="12" Address="10203" Count="1" Type="ushort" IsReverse="false"/>
  <DevicePoint Index="13" Address="40300" Count="1" Type="ushort" IsReverse="false" ValueLength="1" MinValue="0" MaxValue="0"/>
  <DevicePoint Index="14" Address="40301" Count="1" Type="ushort" IsReverse="false" ValueLength="1" MinValue="0" MaxValue="0"/>
  <DevicePoint Index="15" Address="40302" Count="1" Type="ushort" IsReverse="false" ValueLength="1" MinValue="0" MaxValue="0"/>
  <DevicePoint Index="16" Address="40303" Count="1" Type="ushort" IsReverse="false" ValueLength="1" MinValue="0" MaxValue="0"/>
  <DevicePoint Index="17" Address="40304" Count="1" Type="ushort" IsReverse="false" ValueLength="1" MinValue="0" MaxValue="0"/>
  <DevicePoint Index="18" Address="40305" Count="1" Type="ushort" IsReverse="false" ValueLength="1" MinValue="0" MaxValue="0"/>
  <DevicePoint Index="19" Address="40306" Count="1" Type="ushort" IsReverse="false" ValueLength="1" MinValue="0" MaxValue="0"/>
  <DevicePoint Index="20" Address="40307" Count="1" Type="ushort" IsReverse="false" ValueLength="1" MinValue="0" MaxValue="0"/>
  <DevicePoint Index="21" Address="40308" Count="1" Type="ushort" IsReverse="false"/>
  <DevicePoint Index="22" Address="40309" Count="1" Type="ushort" IsReverse="false"/>
  <DevicePoint Index="23" Address="40310" Count="1" Type="ushort" IsReverse="false"/>
  <DevicePoint Index="24" Address="40311" Count="1" Type="ushort" IsReverse="false"/>
  <DevicePoint Index="25" Address="40312" Count="1" Type="ushort" IsReverse="false"/>
  <DevicePoint Index="26" Address="40313" Count="1" Type="ushort" IsReverse="false"/>
  <DevicePoint Index="27" Address="40314" Count="1" Type="ushort" IsReverse="false"/>
  <DevicePoint Index="28" Address="40315" Count="1" Type="ushort" IsReverse="false"/>
  <DevicePoint Index="29" Address="40316" Count="1" Type="ushort" IsReverse="false"/>
  <DevicePoint Index="30" Address="40317" Count="1" Type="ushort" IsReverse="false"/>
  <DevicePoint Index="31" Address="40318" Count="1" Type="ushort" IsReverse="false"/>
  <DevicePoint Index="32" Address="40319" Count="1" Type="ushort" IsReverse="false"/>
  <DevicePoint Index="33" Address="40320" Count="1" Type="ushort" IsReverse="false"/>
  <DevicePoint Index="34" Address="40321" Count="1" Type="ushort" IsReverse="false"/>
  <DevicePoint Index="35" Address="40322" Count="1" Type="ushort" IsReverse="false"/>
  <DevicePoint Index="36" Address="40323" Count="1" Type="ushort" IsReverse="false"/>
  <DevicePoint Index="37" Address="40324" Count="1" Bit="1" Type="ushort" IsReverse="false"/>
  <DevicePoint Index="38" Address="40324" Count="1" Bit="2" Type="ushort" IsReverse="false"/>
  <DevicePoint Index="39" Address="40324" Count="1" Bit="3" Type="ushort" IsReverse="false"/>
  <DevicePoint Index="40" Address="40324" Count="1" Bit="4" Type="ushort" IsReverse="false"/>
</Config>