﻿<?xml version="1.0" encoding="utf-8" standalone="yes"?>
<Config>
  <DevicePoint Index="1" Address="40100" Count="3" Type="MAC" IsReverse="false" ValueLength="0" MinValue="0" MaxValue="0" Bit="0" ReadCommand="3" WriteSingleCommand="0" WriteMultipleCommand="0" IsWriteProtection="false" IsAutoUploadData="false" />
  <DevicePoint Index="2" Address="40103" Count="1" Type="Model" IsReverse="true" ValueLength="0" MinValue="0" MaxValue="0" Bit="0" ReadCommand="3" WriteSingleCommand="0" WriteMultipleCommand="0" IsWriteProtection="false" IsAutoUploadData="false" />
  <DevicePoint Index="3" Address="40104" Count="1" Type="UShort" IsReverse="true" ValueLength="0" MinValue="0" MaxValue="0" Bit="0" ReadCommand="3" WriteSingleCommand="0" WriteMultipleCommand="0" IsWriteProtection="false" IsAutoUploadData="false" />
  <DevicePoint Index="4" Address="40105" Count="2" Type="UInt" IsReverse="true" ValueLength="0" MinValue="0" MaxValue="0" Bit="0" ReadCommand="3" WriteSingleCommand="6" WriteMultipleCommand="16" IsWriteProtection="false" IsAutoUploadData="false" />
  <DevicePoint Index="5" Address="40107" Count="1" Type="UShort" IsReverse="true" ValueLength="5" MinValue="1" MaxValue="65535" Bit="0" ReadCommand="3" WriteSingleCommand="6" WriteMultipleCommand="16" IsWriteProtection="false" IsAutoUploadData="false" />
  <DevicePoint Index="6" Address="40108" Count="1" Type="UShort" IsReverse="true" ValueLength="0" MinValue="0" MaxValue="0" Bit="0" ReadCommand="3" WriteSingleCommand="6" WriteMultipleCommand="16" IsWriteProtection="false" IsAutoUploadData="false" />
  <DevicePoint Index="7" Address="40109" Count="2" Type="UInt" IsReverse="true" ValueLength="0" MinValue="0" MaxValue="0" Bit="0" ReadCommand="3" WriteSingleCommand="6" WriteMultipleCommand="16" IsWriteProtection="false" IsAutoUploadData="false" />
  <DevicePoint Index="8" Address="40111" Count="2" Type="UInt" IsReverse="true" ValueLength="0" MinValue="0" MaxValue="0" Bit="0" ReadCommand="3" WriteSingleCommand="6" WriteMultipleCommand="16" IsWriteProtection="false" IsAutoUploadData="false" />
  <DevicePoint Index="9" Address="40113" Count="1" Type="UShort" IsReverse="true" ValueLength="1" MinValue="0" MaxValue="1" Bit="0" ReadCommand="3" WriteSingleCommand="6" WriteMultipleCommand="16" IsWriteProtection="false" IsAutoUploadData="false" />
  <DevicePoint Index="10" Address="40114" Count="1" Type="UShort" IsReverse="true" ValueLength="0" MinValue="0" MaxValue="0" Bit="0" ReadCommand="3" WriteSingleCommand="6" WriteMultipleCommand="16" IsWriteProtection="false" IsAutoUploadData="false" />
  <DevicePoint Index="11" Address="40115" Count="32" Type="String" IsReverse="true" ValueLength="64" MinValue="0" MaxValue="0" Bit="0" ReadCommand="3" WriteSingleCommand="6" WriteMultipleCommand="16" IsWriteProtection="false" IsAutoUploadData="false" />
  <DevicePoint Index="12" Address="40147" Count="1" Type="UShort" IsReverse="true" ValueLength="5" MinValue="1" MaxValue="65535" Bit="0" ReadCommand="3" WriteSingleCommand="6" WriteMultipleCommand="16" IsWriteProtection="false" IsAutoUploadData="false" />
  <DevicePoint Index="13" Address="40148" Count="1" Type="UShort" IsReverse="true" ValueLength="0" MinValue="0" MaxValue="0" Bit="0" ReadCommand="3" WriteSingleCommand="6" WriteMultipleCommand="16" IsWriteProtection="false" IsAutoUploadData="false" />
  <DevicePoint Index="14" Address="40149" Count="2" Type="UInt" IsReverse="true" ValueLength="0" MinValue="0" MaxValue="0" Bit="0" ReadCommand="3" WriteSingleCommand="6" WriteMultipleCommand="16" IsWriteProtection="false" IsAutoUploadData="false" />
  <DevicePoint Index="15" Address="40151" Count="1" Type="UShort" IsReverse="true" ValueLength="1" MinValue="0" MaxValue="1" Bit="0" ReadCommand="3" WriteSingleCommand="6" WriteMultipleCommand="16" IsWriteProtection="false" IsAutoUploadData="false" />
  <DevicePoint Index="16" Address="40152" Count="1" Type="UShort" IsReverse="true" ValueLength="0" MinValue="0" MaxValue="0" Bit="0" ReadCommand="3" WriteSingleCommand="6" WriteMultipleCommand="16" IsWriteProtection="false" IsAutoUploadData="false" />
  <DevicePoint Index="17" Address="40153" Count="1" Type="UShort" IsReverse="true" ValueLength="1" MinValue="0" MaxValue="1" Bit="0" ReadCommand="3" WriteSingleCommand="6" WriteMultipleCommand="16" IsWriteProtection="false" IsAutoUploadData="false" />
  <DevicePoint Index="18" Address="40154" Count="1" Type="UShort" IsReverse="true" ValueLength="5" MinValue="0" MaxValue="65535" Bit="0" ReadCommand="3" WriteSingleCommand="6" WriteMultipleCommand="16" IsWriteProtection="false" IsAutoUploadData="false" />
  <DevicePoint Index="19" Address="40155" Count="10" Type="String" IsReverse="true" ValueLength="20" MinValue="0" MaxValue="0" Bit="0" ReadCommand="3" WriteSingleCommand="6" WriteMultipleCommand="16" IsWriteProtection="true" IsAutoUploadData="false" />
  <DevicePoint Index="20" Address="40165" Count="1" Type="UShort" IsReverse="true" ValueLength="5" MinValue="0" MaxValue="65535" Bit="0" ReadCommand="3" WriteSingleCommand="6" WriteMultipleCommand="16" IsWriteProtection="false" IsAutoUploadData="false" />
  <DevicePoint Index="21" Address="100" Count="1" Type="UShort" IsReverse="true" ValueLength="5" MinValue="0" MaxValue="65535" Bit="0" ReadCommand="0" WriteSingleCommand="5" WriteMultipleCommand="15" IsWriteProtection="false" IsAutoUploadData="false" />
  <DevicePoint Index="22" Address="10150" Count="1" Type="UShort" IsReverse="true" ValueLength="0" MinValue="0" MaxValue="0" Bit="0" ReadCommand="2" WriteSingleCommand="0" WriteMultipleCommand="0" IsWriteProtection="false" IsAutoUploadData="false" />
  <DevicePoint Index="23" Address="10200" Count="1" Type="UShort" IsReverse="true" ValueLength="0" MinValue="0" MaxValue="0" Bit="0" ReadCommand="3" WriteSingleCommand="0" WriteMultipleCommand="0" IsWriteProtection="false" IsAutoUploadData="false" />
  <DevicePoint Index="24" Address="10201" Count="1" Type="UShort" IsReverse="true" ValueLength="0" MinValue="0" MaxValue="0" Bit="0" ReadCommand="3" WriteSingleCommand="0" WriteMultipleCommand="0" IsWriteProtection="false" IsAutoUploadData="false" />
  <DevicePoint Index="25" Address="10202" Count="1" Type="UShort" IsReverse="true" ValueLength="0" MinValue="0" MaxValue="0" Bit="0" ReadCommand="3" WriteSingleCommand="0" WriteMultipleCommand="0" IsWriteProtection="false" IsAutoUploadData="false" />
  <DevicePoint Index="26" Address="10203" Count="1" Type="UShort" IsReverse="true" ValueLength="0" MinValue="0" MaxValue="0" Bit="0" ReadCommand="3" WriteSingleCommand="0" WriteMultipleCommand="0" IsWriteProtection="false" IsAutoUploadData="false" />
  <DevicePoint Index="27" Address="10204" Count="1" Type="UShort" IsReverse="true" ValueLength="0" MinValue="0" MaxValue="0" Bit="0" ReadCommand="3" WriteSingleCommand="0" WriteMultipleCommand="0" IsWriteProtection="false" IsAutoUploadData="false" />
  <DevicePoint Index="28" Address="10205" Count="1" Type="UShort" IsReverse="true" ValueLength="0" MinValue="0" MaxValue="0" Bit="0" ReadCommand="3" WriteSingleCommand="0" WriteMultipleCommand="0" IsWriteProtection="false" IsAutoUploadData="false" />
  <DevicePoint Index="29" Address="10206" Count="1" Type="UShort" IsReverse="true" ValueLength="0" MinValue="0" MaxValue="0" Bit="0" ReadCommand="3" WriteSingleCommand="0" WriteMultipleCommand="0" IsWriteProtection="false" IsAutoUploadData="false" />
  <DevicePoint Index="30" Address="10207" Count="1" Type="UShort" IsReverse="true" ValueLength="0" MinValue="0" MaxValue="0" Bit="0" ReadCommand="3" WriteSingleCommand="0" WriteMultipleCommand="0" IsWriteProtection="false" IsAutoUploadData="false" />
  <DevicePoint Index="31" Address="10208" Count="1" Type="UShort" IsReverse="true" ValueLength="0" MinValue="0" MaxValue="0" Bit="0" ReadCommand="3" WriteSingleCommand="0" WriteMultipleCommand="0" IsWriteProtection="false" IsAutoUploadData="false" />
  <DevicePoint Index="32" Address="10209" Count="1" Type="UShort" IsReverse="true" ValueLength="0" MinValue="0" MaxValue="0" Bit="0" ReadCommand="3" WriteSingleCommand="0" WriteMultipleCommand="0" IsWriteProtection="false" IsAutoUploadData="false" />
  <DevicePoint Index="33" Address="10210" Count="1" Type="UShort" IsReverse="true" ValueLength="0" MinValue="0" MaxValue="0" Bit="0" ReadCommand="3" WriteSingleCommand="0" WriteMultipleCommand="0" IsWriteProtection="false" IsAutoUploadData="false" />
  <DevicePoint Index="34" Address="10211" Count="1" Type="UShort" IsReverse="true" ValueLength="0" MinValue="0" MaxValue="0" Bit="0" ReadCommand="3" WriteSingleCommand="0" WriteMultipleCommand="0" IsWriteProtection="false" IsAutoUploadData="false" />
  <DevicePoint Index="35" Address="10212" Count="1" Type="UShort" IsReverse="true" ValueLength="0" MinValue="0" MaxValue="0" Bit="0" ReadCommand="3" WriteSingleCommand="0" WriteMultipleCommand="0" IsWriteProtection="false" IsAutoUploadData="false" />
  <DevicePoint Index="36" Address="10213" Count="1" Type="UShort" IsReverse="true" ValueLength="0" MinValue="0" MaxValue="0" Bit="0" ReadCommand="3" WriteSingleCommand="0" WriteMultipleCommand="0" IsWriteProtection="false" IsAutoUploadData="false" />
  <DevicePoint Index="37" Address="10214" Count="1" Type="UShort" IsReverse="true" ValueLength="0" MinValue="0" MaxValue="0" Bit="0" ReadCommand="3" WriteSingleCommand="0" WriteMultipleCommand="0" IsWriteProtection="false" IsAutoUploadData="false" />
  <DevicePoint Index="38" Address="10215" Count="1" Type="UShort" IsReverse="true" ValueLength="0" MinValue="0" MaxValue="0" Bit="0" ReadCommand="3" WriteSingleCommand="0" WriteMultipleCommand="0" IsWriteProtection="false" IsAutoUploadData="false" />
  <DevicePoint Index="39" Address="10216" Count="1" Type="UShort" IsReverse="true" ValueLength="0" MinValue="0" MaxValue="0" Bit="0" ReadCommand="3" WriteSingleCommand="0" WriteMultipleCommand="0" IsWriteProtection="false" IsAutoUploadData="false" />
  <DevicePoint Index="40" Address="10217" Count="1" Type="UShort" IsReverse="true" ValueLength="0" MinValue="0" MaxValue="0" Bit="0" ReadCommand="3" WriteSingleCommand="0" WriteMultipleCommand="0" IsWriteProtection="false" IsAutoUploadData="false" />
  <DevicePoint Index="41" Address="10218" Count="1" Type="UShort" IsReverse="true" ValueLength="0" MinValue="0" MaxValue="0" Bit="0" ReadCommand="3" WriteSingleCommand="0" WriteMultipleCommand="0" IsWriteProtection="false" IsAutoUploadData="false" />
  <DevicePoint Index="42" Address="10219" Count="1" Type="UShort" IsReverse="true" ValueLength="0" MinValue="0" MaxValue="0" Bit="0" ReadCommand="3" WriteSingleCommand="0" WriteMultipleCommand="0" IsWriteProtection="false" IsAutoUploadData="false" />
  <DevicePoint Index="43" Address="10220" Count="1" Type="UShort" IsReverse="true" ValueLength="0" MinValue="0" MaxValue="0" Bit="0" ReadCommand="3" WriteSingleCommand="0" WriteMultipleCommand="0" IsWriteProtection="false" IsAutoUploadData="false" />
  <DevicePoint Index="44" Address="10221" Count="1" Type="UShort" IsReverse="true" ValueLength="0" MinValue="0" MaxValue="0" Bit="0" ReadCommand="3" WriteSingleCommand="0" WriteMultipleCommand="0" IsWriteProtection="false" IsAutoUploadData="false" />
  <DevicePoint Index="45" Address="10222" Count="1" Type="UShort" IsReverse="true" ValueLength="0" MinValue="0" MaxValue="0" Bit="0" ReadCommand="3" WriteSingleCommand="0" WriteMultipleCommand="0" IsWriteProtection="false" IsAutoUploadData="false" />
  <DevicePoint Index="46" Address="10223" Count="1" Type="UShort" IsReverse="true" ValueLength="0" MinValue="0" MaxValue="0" Bit="0" ReadCommand="3" WriteSingleCommand="0" WriteMultipleCommand="0" IsWriteProtection="false" IsAutoUploadData="false" />
  <DevicePoint Index="47" Address="10224" Count="1" Type="UShort" IsReverse="true" ValueLength="0" MinValue="0" MaxValue="0" Bit="0" ReadCommand="3" WriteSingleCommand="0" WriteMultipleCommand="0" IsWriteProtection="false" IsAutoUploadData="false" />
  <DevicePoint Index="48" Address="10225" Count="1" Type="UShort" IsReverse="true" ValueLength="0" MinValue="0" MaxValue="0" Bit="0" ReadCommand="3" WriteSingleCommand="0" WriteMultipleCommand="0" IsWriteProtection="false" IsAutoUploadData="false" />
  <DevicePoint Index="49" Address="10226" Count="1" Type="UShort" IsReverse="true" ValueLength="0" MinValue="0" MaxValue="0" Bit="0" ReadCommand="3" WriteSingleCommand="0" WriteMultipleCommand="0" IsWriteProtection="false" IsAutoUploadData="false" />
  <DevicePoint Index="50" Address="10227" Count="1" Type="UShort" IsReverse="true" ValueLength="0" MinValue="0" MaxValue="0" Bit="0" ReadCommand="3" WriteSingleCommand="0" WriteMultipleCommand="0" IsWriteProtection="false" IsAutoUploadData="false" />
  <DevicePoint Index="51" Address="10228" Count="1" Type="UShort" IsReverse="true" ValueLength="0" MinValue="0" MaxValue="0" Bit="0" ReadCommand="3" WriteSingleCommand="0" WriteMultipleCommand="0" IsWriteProtection="false" IsAutoUploadData="false" />
  <DevicePoint Index="52" Address="10229" Count="1" Type="UShort" IsReverse="true" ValueLength="0" MinValue="0" MaxValue="0" Bit="0" ReadCommand="3" WriteSingleCommand="0" WriteMultipleCommand="0" IsWriteProtection="false" IsAutoUploadData="false" />
  <DevicePoint Index="53" Address="10230" Count="1" Type="UShort" IsReverse="true" ValueLength="0" MinValue="0" MaxValue="0" Bit="0" ReadCommand="3" WriteSingleCommand="0" WriteMultipleCommand="0" IsWriteProtection="false" IsAutoUploadData="false" />
  <DevicePoint Index="54" Address="10231" Count="1" Type="UShort" IsReverse="true" ValueLength="0" MinValue="0" MaxValue="0" Bit="0" ReadCommand="3" WriteSingleCommand="0" WriteMultipleCommand="0" IsWriteProtection="false" IsAutoUploadData="false" />
  <DevicePoint Index="55" Address="10232" Count="1" Type="UShort" IsReverse="true" ValueLength="0" MinValue="0" MaxValue="0" Bit="0" ReadCommand="3" WriteSingleCommand="0" WriteMultipleCommand="0" IsWriteProtection="false" IsAutoUploadData="false" />
  <DevicePoint Index="56" Address="10233" Count="1" Type="UShort" IsReverse="true" ValueLength="0" MinValue="0" MaxValue="0" Bit="0" ReadCommand="3" WriteSingleCommand="0" WriteMultipleCommand="0" IsWriteProtection="false" IsAutoUploadData="false" />
  <DevicePoint Index="57" Address="10234" Count="1" Type="UShort" IsReverse="true" ValueLength="0" MinValue="0" MaxValue="0" Bit="0" ReadCommand="3" WriteSingleCommand="0" WriteMultipleCommand="0" IsWriteProtection="false" IsAutoUploadData="false" />
  <DevicePoint Index="58" Address="10235" Count="1" Type="UShort" IsReverse="true" ValueLength="0" MinValue="0" MaxValue="0" Bit="0" ReadCommand="3" WriteSingleCommand="0" WriteMultipleCommand="0" IsWriteProtection="false" IsAutoUploadData="false" />
  <DevicePoint Index="59" Address="10236" Count="1" Type="UShort" IsReverse="true" ValueLength="0" MinValue="0" MaxValue="0" Bit="0" ReadCommand="3" WriteSingleCommand="0" WriteMultipleCommand="0" IsWriteProtection="false" IsAutoUploadData="false" />
  <DevicePoint Index="60" Address="10237" Count="1" Type="UShort" IsReverse="true" ValueLength="0" MinValue="0" MaxValue="0" Bit="0" ReadCommand="3" WriteSingleCommand="0" WriteMultipleCommand="0" IsWriteProtection="false" IsAutoUploadData="false" />
  <DevicePoint Index="61" Address="10238" Count="1" Type="UShort" IsReverse="true" ValueLength="0" MinValue="0" MaxValue="0" Bit="0" ReadCommand="3" WriteSingleCommand="0" WriteMultipleCommand="0" IsWriteProtection="false" IsAutoUploadData="false" />
  <DevicePoint Index="62" Address="10239" Count="1" Type="UShort" IsReverse="true" ValueLength="0" MinValue="0" MaxValue="0" Bit="0" ReadCommand="3" WriteSingleCommand="0" WriteMultipleCommand="0" IsWriteProtection="false" IsAutoUploadData="false" />
  <DevicePoint Index="63" Address="10240" Count="1" Type="UShort" IsReverse="true" ValueLength="0" MinValue="0" MaxValue="0" Bit="0" ReadCommand="3" WriteSingleCommand="0" WriteMultipleCommand="0" IsWriteProtection="false" IsAutoUploadData="false" />
  <DevicePoint Index="64" Address="10241" Count="1" Type="UShort" IsReverse="true" ValueLength="0" MinValue="0" MaxValue="0" Bit="0" ReadCommand="3" WriteSingleCommand="0" WriteMultipleCommand="0" IsWriteProtection="false" IsAutoUploadData="false" />
  <DevicePoint Index="65" Address="10242" Count="1" Type="UShort" IsReverse="true" ValueLength="0" MinValue="0" MaxValue="0" Bit="0" ReadCommand="3" WriteSingleCommand="0" WriteMultipleCommand="0" IsWriteProtection="false" IsAutoUploadData="false" />
  <DevicePoint Index="66" Address="10243" Count="1" Type="UShort" IsReverse="true" ValueLength="0" MinValue="0" MaxValue="0" Bit="0" ReadCommand="3" WriteSingleCommand="0" WriteMultipleCommand="0" IsWriteProtection="false" IsAutoUploadData="false" />
  <DevicePoint Index="67" Address="10244" Count="1" Type="UShort" IsReverse="true" ValueLength="0" MinValue="0" MaxValue="0" Bit="0" ReadCommand="3" WriteSingleCommand="0" WriteMultipleCommand="0" IsWriteProtection="false" IsAutoUploadData="false" />
  <DevicePoint Index="68" Address="10245" Count="1" Type="UShort" IsReverse="true" ValueLength="0" MinValue="0" MaxValue="0" Bit="0" ReadCommand="3" WriteSingleCommand="0" WriteMultipleCommand="0" IsWriteProtection="false" IsAutoUploadData="false" />
  <DevicePoint Index="69" Address="10246" Count="1" Type="UShort" IsReverse="true" ValueLength="0" MinValue="0" MaxValue="0" Bit="0" ReadCommand="3" WriteSingleCommand="0" WriteMultipleCommand="0" IsWriteProtection="false" IsAutoUploadData="false" />
  <DevicePoint Index="70" Address="10247" Count="1" Type="UShort" IsReverse="true" ValueLength="0" MinValue="0" MaxValue="0" Bit="0" ReadCommand="3" WriteSingleCommand="0" WriteMultipleCommand="0" IsWriteProtection="false" IsAutoUploadData="false" />
  <DevicePoint Index="71" Address="10248" Count="1" Type="UShort" IsReverse="true" ValueLength="0" MinValue="0" MaxValue="0" Bit="0" ReadCommand="3" WriteSingleCommand="0" WriteMultipleCommand="0" IsWriteProtection="false" IsAutoUploadData="false" />
  <DevicePoint Index="72" Address="10249" Count="1" Type="UShort" IsReverse="true" ValueLength="0" MinValue="0" MaxValue="0" Bit="0" ReadCommand="3" WriteSingleCommand="0" WriteMultipleCommand="0" IsWriteProtection="false" IsAutoUploadData="false" />
  <DevicePoint Index="73" Address="10250" Count="1" Type="UShort" IsReverse="true" ValueLength="0" MinValue="0" MaxValue="0" Bit="0" ReadCommand="3" WriteSingleCommand="0" WriteMultipleCommand="0" IsWriteProtection="false" IsAutoUploadData="false" />
  <DevicePoint Index="74" Address="10251" Count="1" Type="UShort" IsReverse="true" ValueLength="0" MinValue="0" MaxValue="0" Bit="0" ReadCommand="3" WriteSingleCommand="0" WriteMultipleCommand="0" IsWriteProtection="false" IsAutoUploadData="false" />
  <DevicePoint Index="75" Address="10252" Count="1" Type="UShort" IsReverse="true" ValueLength="0" MinValue="0" MaxValue="0" Bit="0" ReadCommand="3" WriteSingleCommand="0" WriteMultipleCommand="0" IsWriteProtection="false" IsAutoUploadData="false" />
  <DevicePoint Index="76" Address="10253" Count="1" Type="UShort" IsReverse="true" ValueLength="0" MinValue="0" MaxValue="0" Bit="0" ReadCommand="3" WriteSingleCommand="0" WriteMultipleCommand="0" IsWriteProtection="false" IsAutoUploadData="false" />
  <DevicePoint Index="77" Address="40600" Count="2" Type="UInt" IsReverse="true" ValueLength="19" MinValue="0" MaxValue="999999999" Bit="0" ReadCommand="3" WriteSingleCommand="6" WriteMultipleCommand="16" IsWriteProtection="false" IsAutoUploadData="false" />
  <DevicePoint Index="78" Address="40602" Count="2" Type="UInt" IsReverse="true" ValueLength="19" MinValue="0" MaxValue="999999999" Bit="0" ReadCommand="3" WriteSingleCommand="6" WriteMultipleCommand="16" IsWriteProtection="false" IsAutoUploadData="false" />
  <DevicePoint Index="79" Address="40604" Count="2" Type="UInt" IsReverse="true" ValueLength="19" MinValue="0" MaxValue="999999999" Bit="0" ReadCommand="3" WriteSingleCommand="6" WriteMultipleCommand="16" IsWriteProtection="false" IsAutoUploadData="false" />
  <DevicePoint Index="80" Address="40606" Count="2" Type="UInt" IsReverse="true" ValueLength="19" MinValue="0" MaxValue="999999999" Bit="0" ReadCommand="3" WriteSingleCommand="6" WriteMultipleCommand="16" IsWriteProtection="false" IsAutoUploadData="false" />
  <DevicePoint Index="81" Address="40608" Count="2" Type="UInt" IsReverse="true" ValueLength="19" MinValue="0" MaxValue="999999999" Bit="0" ReadCommand="3" WriteSingleCommand="6" WriteMultipleCommand="16" IsWriteProtection="false" IsAutoUploadData="false" />
  <DevicePoint Index="82" Address="40610" Count="2" Type="UInt" IsReverse="true" ValueLength="19" MinValue="0" MaxValue="999999999" Bit="0" ReadCommand="3" WriteSingleCommand="6" WriteMultipleCommand="16" IsWriteProtection="false" IsAutoUploadData="false" />
  <DevicePoint Index="83" Address="40612" Count="2" Type="Float" IsReverse="true" ValueLength="14" MinValue="-999999999" MaxValue="999999999" Bit="0" ReadCommand="3" WriteSingleCommand="0" WriteMultipleCommand="16" IsWriteProtection="false" IsAutoUploadData="false" />
  <DevicePoint Index="84" Address="40614" Count="2" Type="Float" IsReverse="true" ValueLength="14" MinValue="-999999999" MaxValue="999999999" Bit="0" ReadCommand="3" WriteSingleCommand="0" WriteMultipleCommand="16" IsWriteProtection="false" IsAutoUploadData="false" />
  <DevicePoint Index="85" Address="40616" Count="2" Type="Float" IsReverse="true" ValueLength="14" MinValue="-999999999" MaxValue="999999999" Bit="0" ReadCommand="3" WriteSingleCommand="0" WriteMultipleCommand="16" IsWriteProtection="false" IsAutoUploadData="false" />
  <DevicePoint Index="86" Address="40618" Count="2" Type="Float" IsReverse="true" ValueLength="14" MinValue="-999999999" MaxValue="999999999" Bit="0" ReadCommand="3" WriteSingleCommand="0" WriteMultipleCommand="16" IsWriteProtection="false" IsAutoUploadData="false" />
  <DevicePoint Index="87" Address="40620" Count="2" Type="Float" IsReverse="true" ValueLength="14" MinValue="-999999999" MaxValue="999999999" Bit="0" ReadCommand="3" WriteSingleCommand="0" WriteMultipleCommand="16" IsWriteProtection="false" IsAutoUploadData="false" />
  <DevicePoint Index="88" Address="40622" Count="2" Type="Float" IsReverse="true" ValueLength="14" MinValue="-999999999" MaxValue="999999999" Bit="0" ReadCommand="3" WriteSingleCommand="0" WriteMultipleCommand="16" IsWriteProtection="false" IsAutoUploadData="false" />
  <DevicePoint Index="89" Address="40624" Count="2" Type="Float" IsReverse="true" ValueLength="14" MinValue="-999999999" MaxValue="999999999" Bit="0" ReadCommand="3" WriteSingleCommand="0" WriteMultipleCommand="16" IsWriteProtection="false" IsAutoUploadData="false" />
  <DevicePoint Index="90" Address="40626" Count="2" Type="Float" IsReverse="true" ValueLength="14" MinValue="-999999999" MaxValue="999999999" Bit="0" ReadCommand="3" WriteSingleCommand="0" WriteMultipleCommand="16" IsWriteProtection="false" IsAutoUploadData="false" />
  <DevicePoint Index="91" Address="40628" Count="2" Type="Float" IsReverse="true" ValueLength="14" MinValue="-999999999" MaxValue="999999999" Bit="0" ReadCommand="3" WriteSingleCommand="0" WriteMultipleCommand="16" IsWriteProtection="false" IsAutoUploadData="false" />
  <DevicePoint Index="92" Address="40630" Count="2" Type="Float" IsReverse="true" ValueLength="14" MinValue="-999999999" MaxValue="999999999" Bit="0" ReadCommand="3" WriteSingleCommand="0" WriteMultipleCommand="16" IsWriteProtection="false" IsAutoUploadData="false" />
  <DevicePoint Index="93" Address="40632" Count="2" Type="Float" IsReverse="true" ValueLength="14" MinValue="-999999999" MaxValue="999999999" Bit="0" ReadCommand="3" WriteSingleCommand="0" WriteMultipleCommand="16" IsWriteProtection="false" IsAutoUploadData="false" />
  <DevicePoint Index="94" Address="40634" Count="2" Type="Float" IsReverse="true" ValueLength="14" MinValue="-999999999" MaxValue="999999999" Bit="0" ReadCommand="3" WriteSingleCommand="0" WriteMultipleCommand="16" IsWriteProtection="false" IsAutoUploadData="false" />
  <DevicePoint Index="95" Address="40636" Count="2" Type="Float" IsReverse="true" ValueLength="14" MinValue="-999999999" MaxValue="999999999" Bit="0" ReadCommand="3" WriteSingleCommand="0" WriteMultipleCommand="16" IsWriteProtection="false" IsAutoUploadData="false" />
  <DevicePoint Index="96" Address="40638" Count="2" Type="Float" IsReverse="true" ValueLength="14" MinValue="-999999999" MaxValue="999999999" Bit="0" ReadCommand="3" WriteSingleCommand="0" WriteMultipleCommand="16" IsWriteProtection="false" IsAutoUploadData="false" />
  <DevicePoint Index="97" Address="40640" Count="2" Type="Float" IsReverse="true" ValueLength="14" MinValue="-999999999" MaxValue="999999999" Bit="0" ReadCommand="3" WriteSingleCommand="0" WriteMultipleCommand="16" IsWriteProtection="false" IsAutoUploadData="false" />
  <DevicePoint Index="98" Address="40642" Count="2" Type="Float" IsReverse="true" ValueLength="14" MinValue="-999999999" MaxValue="999999999" Bit="0" ReadCommand="3" WriteSingleCommand="0" WriteMultipleCommand="16" IsWriteProtection="false" IsAutoUploadData="false" />
  <DevicePoint Index="99" Address="40644" Count="2" Type="Float" IsReverse="true" ValueLength="14" MinValue="-999999999" MaxValue="999999999" Bit="0" ReadCommand="3" WriteSingleCommand="0" WriteMultipleCommand="16" IsWriteProtection="false" IsAutoUploadData="false" />
  <DevicePoint Index="100" Address="40646" Count="2" Type="Float" IsReverse="true" ValueLength="14" MinValue="-999999999" MaxValue="999999999" Bit="0" ReadCommand="3" WriteSingleCommand="0" WriteMultipleCommand="16" IsWriteProtection="false" IsAutoUploadData="false" />
  <DevicePoint Index="101" Address="40648" Count="2" Type="Float" IsReverse="true" ValueLength="14" MinValue="-999999999" MaxValue="999999999" Bit="0" ReadCommand="3" WriteSingleCommand="0" WriteMultipleCommand="16" IsWriteProtection="false" IsAutoUploadData="false" />
  <DevicePoint Index="102" Address="40650" Count="2" Type="Float" IsReverse="true" ValueLength="14" MinValue="-999999999" MaxValue="999999999" Bit="0" ReadCommand="3" WriteSingleCommand="0" WriteMultipleCommand="16" IsWriteProtection="false" IsAutoUploadData="false" />
  <DevicePoint Index="103" Address="40652" Count="2" Type="Float" IsReverse="true" ValueLength="14" MinValue="-999999999" MaxValue="999999999" Bit="0" ReadCommand="3" WriteSingleCommand="0" WriteMultipleCommand="16" IsWriteProtection="false" IsAutoUploadData="false" />
  <DevicePoint Index="104" Address="40654" Count="2" Type="Float" IsReverse="true" ValueLength="14" MinValue="-999999999" MaxValue="999999999" Bit="0" ReadCommand="3" WriteSingleCommand="0" WriteMultipleCommand="16" IsWriteProtection="false" IsAutoUploadData="false" />
  <DevicePoint Index="105" Address="40656" Count="2" Type="Float" IsReverse="true" ValueLength="14" MinValue="-999999999" MaxValue="999999999" Bit="0" ReadCommand="3" WriteSingleCommand="0" WriteMultipleCommand="16" IsWriteProtection="false" IsAutoUploadData="false" />
  <DevicePoint Index="106" Address="40658" Count="2" Type="Float" IsReverse="true" ValueLength="14" MinValue="-999999999" MaxValue="999999999" Bit="0" ReadCommand="3" WriteSingleCommand="0" WriteMultipleCommand="16" IsWriteProtection="false" IsAutoUploadData="false" />
  <DevicePoint Index="107" Address="40660" Count="2" Type="Float" IsReverse="true" ValueLength="14" MinValue="-999999999" MaxValue="999999999" Bit="0" ReadCommand="3" WriteSingleCommand="0" WriteMultipleCommand="16" IsWriteProtection="false" IsAutoUploadData="false" />
  <DevicePoint Index="108" Address="40662" Count="2" Type="Float" IsReverse="true" ValueLength="14" MinValue="-999999999" MaxValue="999999999" Bit="0" ReadCommand="3" WriteSingleCommand="0" WriteMultipleCommand="16" IsWriteProtection="false" IsAutoUploadData="false" />
  <DevicePoint Index="109" Address="40664" Count="2" Type="Float" IsReverse="true" ValueLength="14" MinValue="-999999999" MaxValue="999999999" Bit="0" ReadCommand="3" WriteSingleCommand="0" WriteMultipleCommand="16" IsWriteProtection="false" IsAutoUploadData="false" />
  <DevicePoint Index="110" Address="40666" Count="2" Type="Float" IsReverse="true" ValueLength="14" MinValue="-999999999" MaxValue="999999999" Bit="0" ReadCommand="3" WriteSingleCommand="0" WriteMultipleCommand="16" IsWriteProtection="false" IsAutoUploadData="false" />
  <DevicePoint Index="111" Address="40668" Count="2" Type="Float" IsReverse="true" ValueLength="14" MinValue="-999999999" MaxValue="999999999" Bit="0" ReadCommand="3" WriteSingleCommand="0" WriteMultipleCommand="16" IsWriteProtection="false" IsAutoUploadData="false" />
  <DevicePoint Index="112" Address="40670" Count="2" Type="Float" IsReverse="true" ValueLength="14" MinValue="-999999999" MaxValue="999999999" Bit="0" ReadCommand="3" WriteSingleCommand="0" WriteMultipleCommand="16" IsWriteProtection="false" IsAutoUploadData="false" />
  <DevicePoint Index="113" Address="40672" Count="2" Type="Float" IsReverse="true" ValueLength="14" MinValue="-999999999" MaxValue="999999999" Bit="0" ReadCommand="3" WriteSingleCommand="0" WriteMultipleCommand="16" IsWriteProtection="false" IsAutoUploadData="false" />
  <DevicePoint Index="114" Address="40674" Count="2" Type="Float" IsReverse="true" ValueLength="14" MinValue="-999999999" MaxValue="999999999" Bit="0" ReadCommand="3" WriteSingleCommand="0" WriteMultipleCommand="16" IsWriteProtection="false" IsAutoUploadData="false" />
  <DevicePoint Index="115" Address="40676" Count="2" Type="Float" IsReverse="true" ValueLength="14" MinValue="-999999999" MaxValue="999999999" Bit="0" ReadCommand="3" WriteSingleCommand="0" WriteMultipleCommand="16" IsWriteProtection="false" IsAutoUploadData="false" />
  <DevicePoint Index="116" Address="40678" Count="2" Type="Float" IsReverse="true" ValueLength="14" MinValue="-999999999" MaxValue="999999999" Bit="0" ReadCommand="3" WriteSingleCommand="0" WriteMultipleCommand="16" IsWriteProtection="false" IsAutoUploadData="false" />
  <DevicePoint Index="117" Address="40680" Count="2" Type="Float" IsReverse="true" ValueLength="14" MinValue="-999999999" MaxValue="999999999" Bit="0" ReadCommand="3" WriteSingleCommand="0" WriteMultipleCommand="16" IsWriteProtection="false" IsAutoUploadData="false" />
  <DevicePoint Index="118" Address="40682" Count="2" Type="Float" IsReverse="true" ValueLength="14" MinValue="-999999999" MaxValue="999999999" Bit="0" ReadCommand="3" WriteSingleCommand="0" WriteMultipleCommand="16" IsWriteProtection="false" IsAutoUploadData="false" />
  <DevicePoint Index="119" Address="40684" Count="2" Type="Float" IsReverse="true" ValueLength="14" MinValue="-999999999" MaxValue="999999999" Bit="0" ReadCommand="3" WriteSingleCommand="0" WriteMultipleCommand="16" IsWriteProtection="false" IsAutoUploadData="false" />
  <DevicePoint Index="120" Address="40686" Count="2" Type="Float" IsReverse="true" ValueLength="14" MinValue="-999999999" MaxValue="999999999" Bit="0" ReadCommand="3" WriteSingleCommand="0" WriteMultipleCommand="16" IsWriteProtection="false" IsAutoUploadData="false" />
  <DevicePoint Index="121" Address="40688" Count="2" Type="Float" IsReverse="true" ValueLength="14" MinValue="-999999999" MaxValue="999999999" Bit="0" ReadCommand="3" WriteSingleCommand="0" WriteMultipleCommand="16" IsWriteProtection="false" IsAutoUploadData="false" />
  <DevicePoint Index="122" Address="40690" Count="2" Type="Float" IsReverse="true" ValueLength="14" MinValue="-999999999" MaxValue="999999999" Bit="0" ReadCommand="3" WriteSingleCommand="0" WriteMultipleCommand="16" IsWriteProtection="false" IsAutoUploadData="false" />
  <DevicePoint Index="123" Address="40692" Count="2" Type="Float" IsReverse="true" ValueLength="14" MinValue="-999999999" MaxValue="999999999" Bit="0" ReadCommand="3" WriteSingleCommand="0" WriteMultipleCommand="16" IsWriteProtection="false" IsAutoUploadData="false" />
  <DevicePoint Index="124" Address="40694" Count="2" Type="Float" IsReverse="true" ValueLength="14" MinValue="-999999999" MaxValue="999999999" Bit="0" ReadCommand="3" WriteSingleCommand="0" WriteMultipleCommand="16" IsWriteProtection="false" IsAutoUploadData="false" />
  <DevicePoint Index="125" Address="40696" Count="2" Type="Float" IsReverse="true" ValueLength="14" MinValue="-999999999" MaxValue="999999999" Bit="0" ReadCommand="3" WriteSingleCommand="0" WriteMultipleCommand="16" IsWriteProtection="false" IsAutoUploadData="false" />
  <DevicePoint Index="126" Address="40698" Count="2" Type="Float" IsReverse="true" ValueLength="14" MinValue="-999999999" MaxValue="999999999" Bit="0" ReadCommand="3" WriteSingleCommand="0" WriteMultipleCommand="16" IsWriteProtection="false" IsAutoUploadData="false" />
  <DevicePoint Index="127" Address="40700" Count="2" Type="Float" IsReverse="true" ValueLength="14" MinValue="-999999999" MaxValue="999999999" Bit="0" ReadCommand="3" WriteSingleCommand="0" WriteMultipleCommand="16" IsWriteProtection="false" IsAutoUploadData="false" />
  <DevicePoint Index="128" Address="40702" Count="2" Type="Float" IsReverse="true" ValueLength="14" MinValue="-999999999" MaxValue="999999999" Bit="0" ReadCommand="3" WriteSingleCommand="0" WriteMultipleCommand="16" IsWriteProtection="false" IsAutoUploadData="false" />
  <DevicePoint Index="129" Address="40704" Count="2" Type="Float" IsReverse="true" ValueLength="14" MinValue="-999999999" MaxValue="999999999" Bit="0" ReadCommand="3" WriteSingleCommand="0" WriteMultipleCommand="16" IsWriteProtection="false" IsAutoUploadData="false" />
  <DevicePoint Index="130" Address="40706" Count="2" Type="Float" IsReverse="true" ValueLength="14" MinValue="-999999999" MaxValue="999999999" Bit="0" ReadCommand="3" WriteSingleCommand="0" WriteMultipleCommand="16" IsWriteProtection="false" IsAutoUploadData="false" />
  <DevicePoint Index="131" Address="40708" Count="2" Type="Float" IsReverse="true" ValueLength="14" MinValue="-999999999" MaxValue="999999999" Bit="0" ReadCommand="3" WriteSingleCommand="0" WriteMultipleCommand="16" IsWriteProtection="false" IsAutoUploadData="false" />
  <DevicePoint Index="132" Address="40710" Count="2" Type="Float" IsReverse="true" ValueLength="14" MinValue="-999999999" MaxValue="999999999" Bit="0" ReadCommand="3" WriteSingleCommand="0" WriteMultipleCommand="16" IsWriteProtection="false" IsAutoUploadData="false" />
  <DevicePoint Index="133" Address="40712" Count="2" Type="Float" IsReverse="true" ValueLength="14" MinValue="-999999999" MaxValue="999999999" Bit="0" ReadCommand="3" WriteSingleCommand="0" WriteMultipleCommand="16" IsWriteProtection="false" IsAutoUploadData="false" />
  <DevicePoint Index="134" Address="40714" Count="2" Type="Float" IsReverse="true" ValueLength="14" MinValue="-999999999" MaxValue="999999999" Bit="0" ReadCommand="3" WriteSingleCommand="0" WriteMultipleCommand="16" IsWriteProtection="false" IsAutoUploadData="false" />
  <DevicePoint Index="135" Address="40716" Count="2" Type="Float" IsReverse="true" ValueLength="14" MinValue="-999999999" MaxValue="999999999" Bit="0" ReadCommand="3" WriteSingleCommand="0" WriteMultipleCommand="16" IsWriteProtection="false" IsAutoUploadData="false" />
  <DevicePoint Index="136" Address="40718" Count="2" Type="Float" IsReverse="true" ValueLength="14" MinValue="-999999999" MaxValue="999999999" Bit="0" ReadCommand="3" WriteSingleCommand="0" WriteMultipleCommand="16" IsWriteProtection="false" IsAutoUploadData="false" />
  <DevicePoint Index="137" Address="40720" Count="2" Type="Float" IsReverse="true" ValueLength="14" MinValue="-999999999" MaxValue="999999999" Bit="0" ReadCommand="3" WriteSingleCommand="0" WriteMultipleCommand="16" IsWriteProtection="false" IsAutoUploadData="false" />
  <DevicePoint Index="138" Address="40722" Count="2" Type="Float" IsReverse="true" ValueLength="14" MinValue="-999999999" MaxValue="999999999" Bit="0" ReadCommand="3" WriteSingleCommand="0" WriteMultipleCommand="16" IsWriteProtection="false" IsAutoUploadData="false" />
  <DevicePoint Index="139" Address="40724" Count="2" Type="Float" IsReverse="true" ValueLength="14" MinValue="-999999999" MaxValue="999999999" Bit="0" ReadCommand="3" WriteSingleCommand="0" WriteMultipleCommand="16" IsWriteProtection="false" IsAutoUploadData="false" />
  <DevicePoint Index="140" Address="40726" Count="2" Type="Float" IsReverse="true" ValueLength="14" MinValue="-999999999" MaxValue="999999999" Bit="0" ReadCommand="3" WriteSingleCommand="0" WriteMultipleCommand="16" IsWriteProtection="false" IsAutoUploadData="false" />
  <DevicePoint Index="141" Address="40728" Count="2" Type="Float" IsReverse="true" ValueLength="14" MinValue="-999999999" MaxValue="999999999" Bit="0" ReadCommand="3" WriteSingleCommand="0" WriteMultipleCommand="16" IsWriteProtection="false" IsAutoUploadData="false" />
  <DevicePoint Index="142" Address="40730" Count="2" Type="Float" IsReverse="true" ValueLength="14" MinValue="-999999999" MaxValue="999999999" Bit="0" ReadCommand="3" WriteSingleCommand="0" WriteMultipleCommand="16" IsWriteProtection="false" IsAutoUploadData="false" />
  <DevicePoint Index="143" Address="40732" Count="2" Type="Float" IsReverse="true" ValueLength="14" MinValue="-999999999" MaxValue="999999999" Bit="0" ReadCommand="3" WriteSingleCommand="0" WriteMultipleCommand="16" IsWriteProtection="false" IsAutoUploadData="false" />
  <DevicePoint Index="144" Address="40734" Count="2" Type="Float" IsReverse="true" ValueLength="14" MinValue="-999999999" MaxValue="999999999" Bit="0" ReadCommand="3" WriteSingleCommand="0" WriteMultipleCommand="16" IsWriteProtection="false" IsAutoUploadData="false" />
  <DevicePoint Index="145" Address="40736" Count="2" Type="Float" IsReverse="true" ValueLength="14" MinValue="-999999999" MaxValue="999999999" Bit="0" ReadCommand="3" WriteSingleCommand="0" WriteMultipleCommand="16" IsWriteProtection="false" IsAutoUploadData="false" />
  <DevicePoint Index="146" Address="40738" Count="2" Type="Float" IsReverse="true" ValueLength="14" MinValue="-999999999" MaxValue="999999999" Bit="0" ReadCommand="3" WriteSingleCommand="0" WriteMultipleCommand="16" IsWriteProtection="false" IsAutoUploadData="false" />
  <DevicePoint Index="147" Address="40740" Count="2" Type="Float" IsReverse="true" ValueLength="14" MinValue="-999999999" MaxValue="999999999" Bit="0" ReadCommand="3" WriteSingleCommand="0" WriteMultipleCommand="16" IsWriteProtection="false" IsAutoUploadData="false" />
  <DevicePoint Index="148" Address="40742" Count="2" Type="Float" IsReverse="true" ValueLength="14" MinValue="-999999999" MaxValue="999999999" Bit="0" ReadCommand="3" WriteSingleCommand="0" WriteMultipleCommand="16" IsWriteProtection="false" IsAutoUploadData="false" />
  <DevicePoint Index="149" Address="40744" Count="2" Type="Float" IsReverse="true" ValueLength="14" MinValue="-999999999" MaxValue="999999999" Bit="0" ReadCommand="3" WriteSingleCommand="0" WriteMultipleCommand="16" IsWriteProtection="false" IsAutoUploadData="false" />
  <DevicePoint Index="150" Address="40746" Count="2" Type="Float" IsReverse="true" ValueLength="14" MinValue="-999999999" MaxValue="999999999" Bit="0" ReadCommand="3" WriteSingleCommand="0" WriteMultipleCommand="16" IsWriteProtection="false" IsAutoUploadData="false" />
  <DevicePoint Index="151" Address="40748" Count="2" Type="Float" IsReverse="true" ValueLength="14" MinValue="-999999999" MaxValue="999999999" Bit="0" ReadCommand="3" WriteSingleCommand="0" WriteMultipleCommand="16" IsWriteProtection="false" IsAutoUploadData="false" />
  <DevicePoint Index="152" Address="40750" Count="2" Type="Float" IsReverse="true" ValueLength="14" MinValue="-999999999" MaxValue="999999999" Bit="0" ReadCommand="3" WriteSingleCommand="0" WriteMultipleCommand="16" IsWriteProtection="false" IsAutoUploadData="false" />
  <DevicePoint Index="153" Address="40752" Count="2" Type="Float" IsReverse="true" ValueLength="14" MinValue="-999999999" MaxValue="999999999" Bit="0" ReadCommand="3" WriteSingleCommand="0" WriteMultipleCommand="16" IsWriteProtection="false" IsAutoUploadData="false" />
  <DevicePoint Index="154" Address="40754" Count="2" Type="Float" IsReverse="true" ValueLength="14" MinValue="-999999999" MaxValue="999999999" Bit="0" ReadCommand="3" WriteSingleCommand="0" WriteMultipleCommand="16" IsWriteProtection="false" IsAutoUploadData="false" />
  <DevicePoint Index="155" Address="40756" Count="2" Type="Float" IsReverse="true" ValueLength="14" MinValue="-999999999" MaxValue="999999999" Bit="0" ReadCommand="3" WriteSingleCommand="0" WriteMultipleCommand="16" IsWriteProtection="false" IsAutoUploadData="false" />
  <DevicePoint Index="156" Address="40758" Count="2" Type="Float" IsReverse="true" ValueLength="14" MinValue="-999999999" MaxValue="999999999" Bit="0" ReadCommand="3" WriteSingleCommand="0" WriteMultipleCommand="16" IsWriteProtection="false" IsAutoUploadData="false" />
  <DevicePoint Index="157" Address="40760" Count="2" Type="Float" IsReverse="true" ValueLength="14" MinValue="-999999999" MaxValue="999999999" Bit="0" ReadCommand="3" WriteSingleCommand="0" WriteMultipleCommand="16" IsWriteProtection="false" IsAutoUploadData="false" />
  <DevicePoint Index="158" Address="40762" Count="2" Type="Float" IsReverse="true" ValueLength="14" MinValue="-999999999" MaxValue="999999999" Bit="0" ReadCommand="3" WriteSingleCommand="0" WriteMultipleCommand="16" IsWriteProtection="false" IsAutoUploadData="false" />
  <DevicePoint Index="159" Address="40764" Count="2" Type="Float" IsReverse="true" ValueLength="14" MinValue="-999999999" MaxValue="999999999" Bit="0" ReadCommand="3" WriteSingleCommand="0" WriteMultipleCommand="16" IsWriteProtection="false" IsAutoUploadData="false" />
  <DevicePoint Index="160" Address="40766" Count="2" Type="Float" IsReverse="true" ValueLength="14" MinValue="-999999999" MaxValue="999999999" Bit="0" ReadCommand="3" WriteSingleCommand="0" WriteMultipleCommand="16" IsWriteProtection="false" IsAutoUploadData="false" />
  <DevicePoint Index="161" Address="40768" Count="2" Type="Float" IsReverse="true" ValueLength="14" MinValue="-999999999" MaxValue="999999999" Bit="0" ReadCommand="3" WriteSingleCommand="0" WriteMultipleCommand="16" IsWriteProtection="false" IsAutoUploadData="false" />
  <DevicePoint Index="162" Address="40770" Count="2" Type="Float" IsReverse="true" ValueLength="14" MinValue="-999999999" MaxValue="999999999" Bit="0" ReadCommand="3" WriteSingleCommand="0" WriteMultipleCommand="16" IsWriteProtection="false" IsAutoUploadData="false" />
  <DevicePoint Index="163" Address="40772" Count="2" Type="Float" IsReverse="true" ValueLength="14" MinValue="-999999999" MaxValue="999999999" Bit="0" ReadCommand="3" WriteSingleCommand="0" WriteMultipleCommand="16" IsWriteProtection="false" IsAutoUploadData="false" />
  <DevicePoint Index="164" Address="40774" Count="2" Type="Float" IsReverse="true" ValueLength="14" MinValue="-999999999" MaxValue="999999999" Bit="0" ReadCommand="3" WriteSingleCommand="0" WriteMultipleCommand="16" IsWriteProtection="false" IsAutoUploadData="false" />
  <DevicePoint Index="165" Address="40776" Count="2" Type="Float" IsReverse="true" ValueLength="14" MinValue="-999999999" MaxValue="999999999" Bit="0" ReadCommand="3" WriteSingleCommand="0" WriteMultipleCommand="16" IsWriteProtection="false" IsAutoUploadData="false" />
  <DevicePoint Index="166" Address="40778" Count="2" Type="Float" IsReverse="true" ValueLength="14" MinValue="-999999999" MaxValue="999999999" Bit="0" ReadCommand="3" WriteSingleCommand="0" WriteMultipleCommand="16" IsWriteProtection="false" IsAutoUploadData="false" />
  <DevicePoint Index="167" Address="40780" Count="2" Type="Float" IsReverse="true" ValueLength="14" MinValue="-999999999" MaxValue="999999999" Bit="0" ReadCommand="3" WriteSingleCommand="0" WriteMultipleCommand="16" IsWriteProtection="false" IsAutoUploadData="false" />
  <DevicePoint Index="168" Address="40782" Count="2" Type="Float" IsReverse="true" ValueLength="14" MinValue="-999999999" MaxValue="999999999" Bit="0" ReadCommand="3" WriteSingleCommand="0" WriteMultipleCommand="16" IsWriteProtection="false" IsAutoUploadData="false" />
  <DevicePoint Index="169" Address="40784" Count="2" Type="Float" IsReverse="true" ValueLength="14" MinValue="-999999999" MaxValue="999999999" Bit="0" ReadCommand="3" WriteSingleCommand="0" WriteMultipleCommand="16" IsWriteProtection="false" IsAutoUploadData="false" />
  <DevicePoint Index="170" Address="40786" Count="2" Type="Float" IsReverse="true" ValueLength="14" MinValue="-999999999" MaxValue="999999999" Bit="0" ReadCommand="3" WriteSingleCommand="0" WriteMultipleCommand="16" IsWriteProtection="false" IsAutoUploadData="false" />
  <DevicePoint Index="171" Address="40788" Count="2" Type="Float" IsReverse="true" ValueLength="14" MinValue="-999999999" MaxValue="999999999" Bit="0" ReadCommand="3" WriteSingleCommand="0" WriteMultipleCommand="16" IsWriteProtection="false" IsAutoUploadData="false" />
  <DevicePoint Index="172" Address="40790" Count="2" Type="Float" IsReverse="true" ValueLength="14" MinValue="-999999999" MaxValue="999999999" Bit="0" ReadCommand="3" WriteSingleCommand="0" WriteMultipleCommand="16" IsWriteProtection="false" IsAutoUploadData="false" />
  <DevicePoint Index="173" Address="40792" Count="2" Type="Float" IsReverse="true" ValueLength="14" MinValue="-999999999" MaxValue="999999999" Bit="0" ReadCommand="3" WriteSingleCommand="0" WriteMultipleCommand="16" IsWriteProtection="false" IsAutoUploadData="false" />
  <DevicePoint Index="174" Address="40794" Count="2" Type="Float" IsReverse="true" ValueLength="14" MinValue="-999999999" MaxValue="999999999" Bit="0" ReadCommand="3" WriteSingleCommand="0" WriteMultipleCommand="16" IsWriteProtection="false" IsAutoUploadData="false" />
  <DevicePoint Index="175" Address="40796" Count="2" Type="Float" IsReverse="true" ValueLength="14" MinValue="-999999999" MaxValue="999999999" Bit="0" ReadCommand="3" WriteSingleCommand="0" WriteMultipleCommand="16" IsWriteProtection="false" IsAutoUploadData="false" />
  <DevicePoint Index="176" Address="40798" Count="2" Type="Float" IsReverse="true" ValueLength="14" MinValue="-999999999" MaxValue="999999999" Bit="0" ReadCommand="3" WriteSingleCommand="0" WriteMultipleCommand="16" IsWriteProtection="false" IsAutoUploadData="false" />
  <DevicePoint Index="177" Address="40800" Count="2" Type="Float" IsReverse="true" ValueLength="14" MinValue="-999999999" MaxValue="999999999" Bit="0" ReadCommand="3" WriteSingleCommand="0" WriteMultipleCommand="16" IsWriteProtection="false" IsAutoUploadData="false" />
  <DevicePoint Index="178" Address="40802" Count="2" Type="Float" IsReverse="true" ValueLength="14" MinValue="-999999999" MaxValue="999999999" Bit="0" ReadCommand="3" WriteSingleCommand="0" WriteMultipleCommand="16" IsWriteProtection="false" IsAutoUploadData="false" />
  <DevicePoint Index="179" Address="40804" Count="2" Type="Float" IsReverse="true" ValueLength="14" MinValue="-999999999" MaxValue="999999999" Bit="0" ReadCommand="3" WriteSingleCommand="0" WriteMultipleCommand="16" IsWriteProtection="false" IsAutoUploadData="false" />
  <DevicePoint Index="180" Address="40806" Count="2" Type="Float" IsReverse="true" ValueLength="14" MinValue="-999999999" MaxValue="999999999" Bit="0" ReadCommand="3" WriteSingleCommand="0" WriteMultipleCommand="16" IsWriteProtection="false" IsAutoUploadData="false" />
  <DevicePoint Index="181" Address="40808" Count="2" Type="Float" IsReverse="true" ValueLength="14" MinValue="-999999999" MaxValue="999999999" Bit="0" ReadCommand="3" WriteSingleCommand="0" WriteMultipleCommand="16" IsWriteProtection="false" IsAutoUploadData="false" />
  <DevicePoint Index="182" Address="40810" Count="2" Type="Float" IsReverse="true" ValueLength="14" MinValue="-999999999" MaxValue="999999999" Bit="0" ReadCommand="3" WriteSingleCommand="0" WriteMultipleCommand="16" IsWriteProtection="false" IsAutoUploadData="false" />
  <DevicePoint Index="183" Address="40812" Count="2" Type="Float" IsReverse="true" ValueLength="14" MinValue="-999999999" MaxValue="999999999" Bit="0" ReadCommand="3" WriteSingleCommand="0" WriteMultipleCommand="16" IsWriteProtection="false" IsAutoUploadData="false" />
  <DevicePoint Index="184" Address="40814" Count="2" Type="Float" IsReverse="true" ValueLength="14" MinValue="-999999999" MaxValue="999999999" Bit="0" ReadCommand="3" WriteSingleCommand="0" WriteMultipleCommand="16" IsWriteProtection="false" IsAutoUploadData="false" />
  <DevicePoint Index="185" Address="40816" Count="2" Type="Float" IsReverse="true" ValueLength="14" MinValue="-999999999" MaxValue="999999999" Bit="0" ReadCommand="3" WriteSingleCommand="0" WriteMultipleCommand="16" IsWriteProtection="false" IsAutoUploadData="false" />
  <DevicePoint Index="186" Address="40818" Count="2" Type="Float" IsReverse="true" ValueLength="14" MinValue="-999999999" MaxValue="999999999" Bit="0" ReadCommand="3" WriteSingleCommand="0" WriteMultipleCommand="16" IsWriteProtection="false" IsAutoUploadData="false" />
  <DevicePoint Index="187" Address="40820" Count="2" Type="Float" IsReverse="true" ValueLength="14" MinValue="-999999999" MaxValue="999999999" Bit="0" ReadCommand="3" WriteSingleCommand="0" WriteMultipleCommand="16" IsWriteProtection="false" IsAutoUploadData="false" />
  <DevicePoint Index="188" Address="40822" Count="2" Type="Float" IsReverse="true" ValueLength="14" MinValue="-999999999" MaxValue="999999999" Bit="0" ReadCommand="3" WriteSingleCommand="0" WriteMultipleCommand="16" IsWriteProtection="false" IsAutoUploadData="false" />
  <DevicePoint Index="189" Address="40824" Count="2" Type="Float" IsReverse="true" ValueLength="14" MinValue="-999999999" MaxValue="999999999" Bit="0" ReadCommand="3" WriteSingleCommand="0" WriteMultipleCommand="16" IsWriteProtection="false" IsAutoUploadData="false" />
  <DevicePoint Index="190" Address="40826" Count="2" Type="Float" IsReverse="true" ValueLength="14" MinValue="-999999999" MaxValue="999999999" Bit="0" ReadCommand="3" WriteSingleCommand="0" WriteMultipleCommand="16" IsWriteProtection="false" IsAutoUploadData="false" />
  <DevicePoint Index="191" Address="40828" Count="2" Type="Float" IsReverse="true" ValueLength="14" MinValue="-999999999" MaxValue="999999999" Bit="0" ReadCommand="3" WriteSingleCommand="0" WriteMultipleCommand="16" IsWriteProtection="false" IsAutoUploadData="false" />
  <DevicePoint Index="192" Address="40830" Count="2" Type="Float" IsReverse="true" ValueLength="14" MinValue="-999999999" MaxValue="999999999" Bit="0" ReadCommand="3" WriteSingleCommand="0" WriteMultipleCommand="16" IsWriteProtection="false" IsAutoUploadData="false" />
  <DevicePoint Index="193" Address="40832" Count="2" Type="Float" IsReverse="true" ValueLength="14" MinValue="-999999999" MaxValue="999999999" Bit="0" ReadCommand="3" WriteSingleCommand="0" WriteMultipleCommand="16" IsWriteProtection="false" IsAutoUploadData="false" />
  <DevicePoint Index="194" Address="40834" Count="2" Type="Float" IsReverse="true" ValueLength="14" MinValue="-999999999" MaxValue="999999999" Bit="0" ReadCommand="3" WriteSingleCommand="0" WriteMultipleCommand="16" IsWriteProtection="false" IsAutoUploadData="false" />
  <DevicePoint Index="195" Address="40836" Count="2" Type="Float" IsReverse="true" ValueLength="14" MinValue="-999999999" MaxValue="999999999" Bit="0" ReadCommand="3" WriteSingleCommand="0" WriteMultipleCommand="16" IsWriteProtection="false" IsAutoUploadData="false" />
  <DevicePoint Index="196" Address="40900" Count="2" Type="Float" IsReverse="true" ValueLength="0" MinValue="-999999999" MaxValue="999999999" Bit="0" ReadCommand="3" WriteSingleCommand="0" WriteMultipleCommand="0" IsWriteProtection="false" IsAutoUploadData="false" />
  <DevicePoint Index="197" Address="40902" Count="2" Type="Float" IsReverse="true" ValueLength="0" MinValue="-999999999" MaxValue="999999999" Bit="0" ReadCommand="3" WriteSingleCommand="0" WriteMultipleCommand="0" IsWriteProtection="false" IsAutoUploadData="false" />
  <DevicePoint Index="198" Address="40904" Count="2" Type="Float" IsReverse="true" ValueLength="0" MinValue="-999999999" MaxValue="999999999" Bit="0" ReadCommand="3" WriteSingleCommand="0" WriteMultipleCommand="0" IsWriteProtection="false" IsAutoUploadData="false" />
  <DevicePoint Index="199" Address="40906" Count="2" Type="Float" IsReverse="true" ValueLength="0" MinValue="-999999999" MaxValue="999999999" Bit="0" ReadCommand="3" WriteSingleCommand="0" WriteMultipleCommand="0" IsWriteProtection="false" IsAutoUploadData="false" />
  <DevicePoint Index="200" Address="40908" Count="2" Type="Float" IsReverse="true" ValueLength="0" MinValue="-999999999" MaxValue="999999999" Bit="0" ReadCommand="3" WriteSingleCommand="0" WriteMultipleCommand="0" IsWriteProtection="false" IsAutoUploadData="false" />
  <DevicePoint Index="201" Address="40910" Count="2" Type="Float" IsReverse="true" ValueLength="0" MinValue="-999999999" MaxValue="999999999" Bit="0" ReadCommand="3" WriteSingleCommand="0" WriteMultipleCommand="0" IsWriteProtection="false" IsAutoUploadData="false" />
  <DevicePoint Index="202" Address="40912" Count="2" Type="Float" IsReverse="true" ValueLength="0" MinValue="-999999999" MaxValue="999999999" Bit="0" ReadCommand="3" WriteSingleCommand="0" WriteMultipleCommand="0" IsWriteProtection="false" IsAutoUploadData="false" />
  <DevicePoint Index="203" Address="40914" Count="2" Type="Float" IsReverse="true" ValueLength="0" MinValue="-999999999" MaxValue="999999999" Bit="0" ReadCommand="3" WriteSingleCommand="0" WriteMultipleCommand="0" IsWriteProtection="false" IsAutoUploadData="false" />
  <DevicePoint Index="204" Address="40916" Count="2" Type="Float" IsReverse="true" ValueLength="0" MinValue="-999999999" MaxValue="999999999" Bit="0" ReadCommand="3" WriteSingleCommand="0" WriteMultipleCommand="0" IsWriteProtection="false" IsAutoUploadData="false" />
  <DevicePoint Index="205" Address="40918" Count="2" Type="Float" IsReverse="true" ValueLength="0" MinValue="-999999999" MaxValue="999999999" Bit="0" ReadCommand="3" WriteSingleCommand="0" WriteMultipleCommand="0" IsWriteProtection="false" IsAutoUploadData="false" />
  <DevicePoint Index="206" Address="40920" Count="2" Type="Float" IsReverse="true" ValueLength="0" MinValue="-999999999" MaxValue="999999999" Bit="0" ReadCommand="3" WriteSingleCommand="0" WriteMultipleCommand="0" IsWriteProtection="false" IsAutoUploadData="false" />
  <DevicePoint Index="207" Address="40922" Count="2" Type="Float" IsReverse="true" ValueLength="0" MinValue="-999999999" MaxValue="999999999" Bit="0" ReadCommand="3" WriteSingleCommand="0" WriteMultipleCommand="0" IsWriteProtection="false" IsAutoUploadData="false" />
  <DevicePoint Index="208" Address="40924" Count="2" Type="Float" IsReverse="true" ValueLength="0" MinValue="-999999999" MaxValue="999999999" Bit="0" ReadCommand="3" WriteSingleCommand="0" WriteMultipleCommand="0" IsWriteProtection="false" IsAutoUploadData="false" />
  <DevicePoint Index="209" Address="40926" Count="2" Type="Float" IsReverse="true" ValueLength="0" MinValue="-999999999" MaxValue="999999999" Bit="0" ReadCommand="3" WriteSingleCommand="0" WriteMultipleCommand="0" IsWriteProtection="false" IsAutoUploadData="false" />
  <DevicePoint Index="210" Address="40928" Count="2" Type="Float" IsReverse="true" ValueLength="0" MinValue="-999999999" MaxValue="999999999" Bit="0" ReadCommand="3" WriteSingleCommand="0" WriteMultipleCommand="0" IsWriteProtection="false" IsAutoUploadData="false" />
  <DevicePoint Index="211" Address="40930" Count="2" Type="Float" IsReverse="true" ValueLength="0" MinValue="-999999999" MaxValue="999999999" Bit="0" ReadCommand="3" WriteSingleCommand="0" WriteMultipleCommand="0" IsWriteProtection="false" IsAutoUploadData="false" />
  <DevicePoint Index="212" Address="40932" Count="2" Type="Float" IsReverse="true" ValueLength="0" MinValue="-999999999" MaxValue="999999999" Bit="0" ReadCommand="3" WriteSingleCommand="0" WriteMultipleCommand="0" IsWriteProtection="false" IsAutoUploadData="false" />
  <DevicePoint Index="213" Address="40934" Count="2" Type="Float" IsReverse="true" ValueLength="0" MinValue="-999999999" MaxValue="999999999" Bit="0" ReadCommand="3" WriteSingleCommand="0" WriteMultipleCommand="0" IsWriteProtection="false" IsAutoUploadData="false" />
  <DevicePoint Index="214" Address="40936" Count="2" Type="Float" IsReverse="true" ValueLength="0" MinValue="-999999999" MaxValue="999999999" Bit="0" ReadCommand="3" WriteSingleCommand="0" WriteMultipleCommand="0" IsWriteProtection="false" IsAutoUploadData="false" />
  <DevicePoint Index="215" Address="40938" Count="2" Type="Float" IsReverse="true" ValueLength="0" MinValue="-999999999" MaxValue="999999999" Bit="0" ReadCommand="3" WriteSingleCommand="0" WriteMultipleCommand="0" IsWriteProtection="false" IsAutoUploadData="false" />
  <DevicePoint Index="216" Address="40940" Count="2" Type="Float" IsReverse="true" ValueLength="0" MinValue="-999999999" MaxValue="999999999" Bit="0" ReadCommand="3" WriteSingleCommand="0" WriteMultipleCommand="0" IsWriteProtection="false" IsAutoUploadData="false" />
  <DevicePoint Index="217" Address="40942" Count="2" Type="Float" IsReverse="true" ValueLength="0" MinValue="-999999999" MaxValue="999999999" Bit="0" ReadCommand="3" WriteSingleCommand="0" WriteMultipleCommand="0" IsWriteProtection="false" IsAutoUploadData="false" />
  <DevicePoint Index="218" Address="40944" Count="2" Type="Float" IsReverse="true" ValueLength="0" MinValue="-999999999" MaxValue="999999999" Bit="0" ReadCommand="3" WriteSingleCommand="0" WriteMultipleCommand="0" IsWriteProtection="false" IsAutoUploadData="false" />
  <DevicePoint Index="219" Address="40946" Count="2" Type="Float" IsReverse="true" ValueLength="0" MinValue="-999999999" MaxValue="999999999" Bit="0" ReadCommand="3" WriteSingleCommand="0" WriteMultipleCommand="0" IsWriteProtection="false" IsAutoUploadData="false" />
  <DevicePoint Index="220" Address="40948" Count="2" Type="Float" IsReverse="true" ValueLength="0" MinValue="-999999999" MaxValue="999999999" Bit="0" ReadCommand="3" WriteSingleCommand="0" WriteMultipleCommand="0" IsWriteProtection="false" IsAutoUploadData="false" />
  <DevicePoint Index="221" Address="40950" Count="2" Type="Float" IsReverse="true" ValueLength="0" MinValue="-999999999" MaxValue="999999999" Bit="0" ReadCommand="3" WriteSingleCommand="0" WriteMultipleCommand="0" IsWriteProtection="false" IsAutoUploadData="false" />
  <DevicePoint Index="222" Address="40952" Count="2" Type="Float" IsReverse="true" ValueLength="0" MinValue="-999999999" MaxValue="999999999" Bit="0" ReadCommand="3" WriteSingleCommand="0" WriteMultipleCommand="0" IsWriteProtection="false" IsAutoUploadData="false" />
  <DevicePoint Index="223" Address="40954" Count="2" Type="Float" IsReverse="true" ValueLength="0" MinValue="-999999999" MaxValue="999999999" Bit="0" ReadCommand="3" WriteSingleCommand="0" WriteMultipleCommand="0" IsWriteProtection="false" IsAutoUploadData="false" />
  <DevicePoint Index="224" Address="40956" Count="2" Type="Float" IsReverse="true" ValueLength="0" MinValue="-999999999" MaxValue="999999999" Bit="0" ReadCommand="3" WriteSingleCommand="0" WriteMultipleCommand="0" IsWriteProtection="false" IsAutoUploadData="false" />
  <DevicePoint Index="225" Address="40958" Count="2" Type="Float" IsReverse="true" ValueLength="0" MinValue="-999999999" MaxValue="999999999" Bit="0" ReadCommand="3" WriteSingleCommand="0" WriteMultipleCommand="0" IsWriteProtection="false" IsAutoUploadData="false" />
  <DevicePoint Index="226" Address="40960" Count="2" Type="Float" IsReverse="true" ValueLength="0" MinValue="-999999999" MaxValue="999999999" Bit="0" ReadCommand="3" WriteSingleCommand="0" WriteMultipleCommand="0" IsWriteProtection="false" IsAutoUploadData="false" />
  <DevicePoint Index="227" Address="40962" Count="2" Type="Float" IsReverse="true" ValueLength="0" MinValue="-999999999" MaxValue="999999999" Bit="0" ReadCommand="3" WriteSingleCommand="0" WriteMultipleCommand="0" IsWriteProtection="false" IsAutoUploadData="false" />
  <DevicePoint Index="228" Address="40964" Count="2" Type="Float" IsReverse="true" ValueLength="0" MinValue="-999999999" MaxValue="999999999" Bit="0" ReadCommand="3" WriteSingleCommand="0" WriteMultipleCommand="0" IsWriteProtection="false" IsAutoUploadData="false" />
  <DevicePoint Index="229" Address="40966" Count="2" Type="Float" IsReverse="true" ValueLength="0" MinValue="-999999999" MaxValue="999999999" Bit="0" ReadCommand="3" WriteSingleCommand="0" WriteMultipleCommand="0" IsWriteProtection="false" IsAutoUploadData="false" />
  <DevicePoint Index="230" Address="40968" Count="2" Type="Float" IsReverse="true" ValueLength="0" MinValue="-999999999" MaxValue="999999999" Bit="0" ReadCommand="3" WriteSingleCommand="0" WriteMultipleCommand="0" IsWriteProtection="false" IsAutoUploadData="false" />
  <DevicePoint Index="231" Address="40970" Count="2" Type="Float" IsReverse="true" ValueLength="0" MinValue="-999999999" MaxValue="999999999" Bit="0" ReadCommand="3" WriteSingleCommand="0" WriteMultipleCommand="0" IsWriteProtection="false" IsAutoUploadData="false" />
  <DevicePoint Index="232" Address="40972" Count="2" Type="Float" IsReverse="true" ValueLength="0" MinValue="-999999999" MaxValue="999999999" Bit="0" ReadCommand="3" WriteSingleCommand="0" WriteMultipleCommand="0" IsWriteProtection="false" IsAutoUploadData="false" />
  <DevicePoint Index="233" Address="40974" Count="2" Type="Float" IsReverse="true" ValueLength="0" MinValue="-999999999" MaxValue="999999999" Bit="0" ReadCommand="3" WriteSingleCommand="0" WriteMultipleCommand="0" IsWriteProtection="false" IsAutoUploadData="false" />
  <DevicePoint Index="234" Address="40976" Count="2" Type="Float" IsReverse="true" ValueLength="0" MinValue="-999999999" MaxValue="999999999" Bit="0" ReadCommand="3" WriteSingleCommand="0" WriteMultipleCommand="0" IsWriteProtection="false" IsAutoUploadData="false" />
  <DevicePoint Index="235" Address="40978" Count="2" Type="Float" IsReverse="true" ValueLength="0" MinValue="-999999999" MaxValue="999999999" Bit="0" ReadCommand="3" WriteSingleCommand="0" WriteMultipleCommand="0" IsWriteProtection="false" IsAutoUploadData="false" />
  <DevicePoint Index="236" Address="40980" Count="2" Type="Float" IsReverse="true" ValueLength="0" MinValue="-999999999" MaxValue="999999999" Bit="0" ReadCommand="3" WriteSingleCommand="0" WriteMultipleCommand="0" IsWriteProtection="false" IsAutoUploadData="false" />
  <DevicePoint Index="237" Address="40982" Count="2" Type="Float" IsReverse="true" ValueLength="0" MinValue="-999999999" MaxValue="999999999" Bit="0" ReadCommand="3" WriteSingleCommand="0" WriteMultipleCommand="0" IsWriteProtection="false" IsAutoUploadData="false" />
  <DevicePoint Index="238" Address="40984" Count="2" Type="Float" IsReverse="true" ValueLength="0" MinValue="-999999999" MaxValue="999999999" Bit="0" ReadCommand="3" WriteSingleCommand="0" WriteMultipleCommand="0" IsWriteProtection="false" IsAutoUploadData="false" />
  <DevicePoint Index="239" Address="40986" Count="2" Type="Float" IsReverse="true" ValueLength="0" MinValue="-999999999" MaxValue="999999999" Bit="0" ReadCommand="3" WriteSingleCommand="0" WriteMultipleCommand="0" IsWriteProtection="false" IsAutoUploadData="false" />
  <DevicePoint Index="240" Address="40988" Count="2" Type="Float" IsReverse="true" ValueLength="0" MinValue="-999999999" MaxValue="999999999" Bit="0" ReadCommand="3" WriteSingleCommand="0" WriteMultipleCommand="0" IsWriteProtection="false" IsAutoUploadData="false" />
  <DevicePoint Index="241" Address="40990" Count="2" Type="Float" IsReverse="true" ValueLength="0" MinValue="-999999999" MaxValue="999999999" Bit="0" ReadCommand="3" WriteSingleCommand="0" WriteMultipleCommand="0" IsWriteProtection="false" IsAutoUploadData="false" />
  <DevicePoint Index="242" Address="40992" Count="2" Type="Float" IsReverse="true" ValueLength="0" MinValue="-999999999" MaxValue="999999999" Bit="0" ReadCommand="3" WriteSingleCommand="0" WriteMultipleCommand="0" IsWriteProtection="false" IsAutoUploadData="false" />
  <DevicePoint Index="243" Address="40994" Count="2" Type="Float" IsReverse="true" ValueLength="0" MinValue="-999999999" MaxValue="999999999" Bit="0" ReadCommand="3" WriteSingleCommand="0" WriteMultipleCommand="0" IsWriteProtection="false" IsAutoUploadData="false" />
  <DevicePoint Index="244" Address="40996" Count="2" Type="Float" IsReverse="true" ValueLength="0" MinValue="-999999999" MaxValue="999999999" Bit="0" ReadCommand="3" WriteSingleCommand="0" WriteMultipleCommand="0" IsWriteProtection="false" IsAutoUploadData="false" />
  <DevicePoint Index="245" Address="40998" Count="2" Type="Float" IsReverse="true" ValueLength="0" MinValue="-999999999" MaxValue="999999999" Bit="0" ReadCommand="3" WriteSingleCommand="0" WriteMultipleCommand="0" IsWriteProtection="false" IsAutoUploadData="false" />
  <DevicePoint Index="246" Address="41000" Count="2" Type="Float" IsReverse="true" ValueLength="0" MinValue="-999999999" MaxValue="999999999" Bit="0" ReadCommand="3" WriteSingleCommand="0" WriteMultipleCommand="0" IsWriteProtection="false" IsAutoUploadData="false" />
  <DevicePoint Index="247" Address="41002" Count="2" Type="Float" IsReverse="true" ValueLength="0" MinValue="-999999999" MaxValue="999999999" Bit="0" ReadCommand="3" WriteSingleCommand="0" WriteMultipleCommand="0" IsWriteProtection="false" IsAutoUploadData="false" />
  <DevicePoint Index="248" Address="41004" Count="2" Type="Float" IsReverse="true" ValueLength="0" MinValue="-999999999" MaxValue="999999999" Bit="0" ReadCommand="3" WriteSingleCommand="0" WriteMultipleCommand="0" IsWriteProtection="false" IsAutoUploadData="false" />
  <DevicePoint Index="249" Address="41006" Count="2" Type="Float" IsReverse="true" ValueLength="0" MinValue="-999999999" MaxValue="999999999" Bit="0" ReadCommand="3" WriteSingleCommand="0" WriteMultipleCommand="0" IsWriteProtection="false" IsAutoUploadData="false" />
  <DevicePoint Index="250" Address="41008" Count="2" Type="Float" IsReverse="true" ValueLength="0" MinValue="-999999999" MaxValue="999999999" Bit="0" ReadCommand="3" WriteSingleCommand="0" WriteMultipleCommand="0" IsWriteProtection="false" IsAutoUploadData="false" />
  <DevicePoint Index="251" Address="41010" Count="2" Type="Float" IsReverse="true" ValueLength="0" MinValue="-999999999" MaxValue="999999999" Bit="0" ReadCommand="3" WriteSingleCommand="0" WriteMultipleCommand="0" IsWriteProtection="false" IsAutoUploadData="false" />
  <DevicePoint Index="252" Address="41012" Count="2" Type="Float" IsReverse="true" ValueLength="0" MinValue="-999999999" MaxValue="999999999" Bit="0" ReadCommand="3" WriteSingleCommand="0" WriteMultipleCommand="0" IsWriteProtection="false" IsAutoUploadData="false" />
  <DevicePoint Index="253" Address="41014" Count="2" Type="Float" IsReverse="true" ValueLength="0" MinValue="-999999999" MaxValue="999999999" Bit="0" ReadCommand="3" WriteSingleCommand="0" WriteMultipleCommand="0" IsWriteProtection="false" IsAutoUploadData="false" />
  <DevicePoint Index="254" Address="41016" Count="2" Type="Float" IsReverse="true" ValueLength="0" MinValue="-999999999" MaxValue="999999999" Bit="0" ReadCommand="3" WriteSingleCommand="0" WriteMultipleCommand="0" IsWriteProtection="false" IsAutoUploadData="false" />
  <DevicePoint Index="255" Address="41018" Count="2" Type="Float" IsReverse="true" ValueLength="0" MinValue="-999999999" MaxValue="999999999" Bit="0" ReadCommand="3" WriteSingleCommand="0" WriteMultipleCommand="0" IsWriteProtection="false" IsAutoUploadData="false" />
  <DevicePoint Index="256" Address="41020" Count="2" Type="Float" IsReverse="true" ValueLength="0" MinValue="-999999999" MaxValue="999999999" Bit="0" ReadCommand="3" WriteSingleCommand="0" WriteMultipleCommand="0" IsWriteProtection="false" IsAutoUploadData="false" />
  <DevicePoint Index="257" Address="41022" Count="2" Type="Float" IsReverse="true" ValueLength="0" MinValue="-999999999" MaxValue="999999999" Bit="0" ReadCommand="3" WriteSingleCommand="0" WriteMultipleCommand="0" IsWriteProtection="false" IsAutoUploadData="false" />
  <DevicePoint Index="258" Address="41024" Count="2" Type="Float" IsReverse="true" ValueLength="0" MinValue="-999999999" MaxValue="999999999" Bit="0" ReadCommand="3" WriteSingleCommand="0" WriteMultipleCommand="0" IsWriteProtection="false" IsAutoUploadData="false" />
  <DevicePoint Index="259" Address="41026" Count="2" Type="Float" IsReverse="true" ValueLength="0" MinValue="-999999999" MaxValue="999999999" Bit="0" ReadCommand="3" WriteSingleCommand="0" WriteMultipleCommand="0" IsWriteProtection="false" IsAutoUploadData="false" />
  <DevicePoint Index="260" Address="41028" Count="2" Type="Float" IsReverse="true" ValueLength="0" MinValue="-999999999" MaxValue="999999999" Bit="0" ReadCommand="3" WriteSingleCommand="0" WriteMultipleCommand="0" IsWriteProtection="false" IsAutoUploadData="false" />
  <DevicePoint Index="261" Address="41030" Count="2" Type="Float" IsReverse="true" ValueLength="0" MinValue="-999999999" MaxValue="999999999" Bit="0" ReadCommand="3" WriteSingleCommand="0" WriteMultipleCommand="0" IsWriteProtection="false" IsAutoUploadData="false" />
  <DevicePoint Index="262" Address="41032" Count="2" Type="Float" IsReverse="true" ValueLength="0" MinValue="-999999999" MaxValue="999999999" Bit="0" ReadCommand="3" WriteSingleCommand="0" WriteMultipleCommand="0" IsWriteProtection="false" IsAutoUploadData="false" />
  <DevicePoint Index="263" Address="41034" Count="2" Type="Float" IsReverse="true" ValueLength="0" MinValue="-999999999" MaxValue="999999999" Bit="0" ReadCommand="3" WriteSingleCommand="0" WriteMultipleCommand="0" IsWriteProtection="false" IsAutoUploadData="false" />
  <DevicePoint Index="264" Address="41036" Count="2" Type="Float" IsReverse="true" ValueLength="0" MinValue="-999999999" MaxValue="999999999" Bit="0" ReadCommand="3" WriteSingleCommand="0" WriteMultipleCommand="0" IsWriteProtection="false" IsAutoUploadData="false" />
  <DevicePoint Index="265" Address="41038" Count="2" Type="Float" IsReverse="true" ValueLength="0" MinValue="-999999999" MaxValue="999999999" Bit="0" ReadCommand="3" WriteSingleCommand="0" WriteMultipleCommand="0" IsWriteProtection="false" IsAutoUploadData="false" />
  <DevicePoint Index="266" Address="41040" Count="2" Type="Float" IsReverse="true" ValueLength="0" MinValue="-999999999" MaxValue="999999999" Bit="0" ReadCommand="3" WriteSingleCommand="0" WriteMultipleCommand="0" IsWriteProtection="false" IsAutoUploadData="false" />
  <DevicePoint Index="267" Address="41042" Count="2" Type="Float" IsReverse="true" ValueLength="0" MinValue="-999999999" MaxValue="999999999" Bit="0" ReadCommand="3" WriteSingleCommand="0" WriteMultipleCommand="0" IsWriteProtection="false" IsAutoUploadData="false" />
  <DevicePoint Index="268" Address="41044" Count="2" Type="Float" IsReverse="true" ValueLength="0" MinValue="-999999999" MaxValue="999999999" Bit="0" ReadCommand="3" WriteSingleCommand="0" WriteMultipleCommand="0" IsWriteProtection="false" IsAutoUploadData="false" />
  <DevicePoint Index="269" Address="41046" Count="2" Type="Float" IsReverse="true" ValueLength="0" MinValue="-999999999" MaxValue="999999999" Bit="0" ReadCommand="3" WriteSingleCommand="0" WriteMultipleCommand="0" IsWriteProtection="false" IsAutoUploadData="false" />
  <DevicePoint Index="270" Address="41048" Count="2" Type="Float" IsReverse="true" ValueLength="0" MinValue="-999999999" MaxValue="999999999" Bit="0" ReadCommand="3" WriteSingleCommand="0" WriteMultipleCommand="0" IsWriteProtection="false" IsAutoUploadData="false" />
  <DevicePoint Index="271" Address="41050" Count="2" Type="Float" IsReverse="true" ValueLength="0" MinValue="-999999999" MaxValue="999999999" Bit="0" ReadCommand="3" WriteSingleCommand="0" WriteMultipleCommand="0" IsWriteProtection="false" IsAutoUploadData="false" />
  <DevicePoint Index="272" Address="41052" Count="2" Type="Float" IsReverse="true" ValueLength="0" MinValue="-999999999" MaxValue="999999999" Bit="0" ReadCommand="3" WriteSingleCommand="0" WriteMultipleCommand="0" IsWriteProtection="false" IsAutoUploadData="false" />
  <DevicePoint Index="273" Address="41054" Count="2" Type="Float" IsReverse="true" ValueLength="0" MinValue="-999999999" MaxValue="999999999" Bit="0" ReadCommand="3" WriteSingleCommand="0" WriteMultipleCommand="0" IsWriteProtection="false" IsAutoUploadData="false" />
  <DevicePoint Index="274" Address="41056" Count="2" Type="Float" IsReverse="true" ValueLength="0" MinValue="-999999999" MaxValue="999999999" Bit="0" ReadCommand="3" WriteSingleCommand="0" WriteMultipleCommand="0" IsWriteProtection="false" IsAutoUploadData="false" />
  <DevicePoint Index="275" Address="41058" Count="2" Type="Float" IsReverse="true" ValueLength="0" MinValue="-999999999" MaxValue="999999999" Bit="0" ReadCommand="3" WriteSingleCommand="0" WriteMultipleCommand="0" IsWriteProtection="false" IsAutoUploadData="false" />
  <DevicePoint Index="276" Address="41060" Count="2" Type="Float" IsReverse="true" ValueLength="0" MinValue="-999999999" MaxValue="999999999" Bit="0" ReadCommand="3" WriteSingleCommand="0" WriteMultipleCommand="0" IsWriteProtection="false" IsAutoUploadData="false" />
  <DevicePoint Index="277" Address="41062" Count="2" Type="Float" IsReverse="true" ValueLength="0" MinValue="-999999999" MaxValue="999999999" Bit="0" ReadCommand="3" WriteSingleCommand="0" WriteMultipleCommand="0" IsWriteProtection="false" IsAutoUploadData="false" />
  <DevicePoint Index="278" Address="41064" Count="2" Type="Float" IsReverse="true" ValueLength="0" MinValue="-999999999" MaxValue="999999999" Bit="0" ReadCommand="3" WriteSingleCommand="0" WriteMultipleCommand="0" IsWriteProtection="false" IsAutoUploadData="false" />
  <DevicePoint Index="279" Address="41066" Count="2" Type="Float" IsReverse="true" ValueLength="0" MinValue="-999999999" MaxValue="999999999" Bit="0" ReadCommand="3" WriteSingleCommand="0" WriteMultipleCommand="0" IsWriteProtection="false" IsAutoUploadData="false" />
  <DevicePoint Index="280" Address="41068" Count="2" Type="Float" IsReverse="true" ValueLength="0" MinValue="-999999999" MaxValue="999999999" Bit="0" ReadCommand="3" WriteSingleCommand="0" WriteMultipleCommand="0" IsWriteProtection="false" IsAutoUploadData="false" />
  <DevicePoint Index="281" Address="41070" Count="2" Type="Float" IsReverse="true" ValueLength="0" MinValue="-999999999" MaxValue="999999999" Bit="0" ReadCommand="3" WriteSingleCommand="0" WriteMultipleCommand="0" IsWriteProtection="false" IsAutoUploadData="false" />
  <DevicePoint Index="282" Address="41072" Count="2" Type="Float" IsReverse="true" ValueLength="0" MinValue="-999999999" MaxValue="999999999" Bit="0" ReadCommand="3" WriteSingleCommand="0" WriteMultipleCommand="0" IsWriteProtection="false" IsAutoUploadData="false" />
  <DevicePoint Index="283" Address="41074" Count="2" Type="Float" IsReverse="true" ValueLength="0" MinValue="-999999999" MaxValue="999999999" Bit="0" ReadCommand="3" WriteSingleCommand="0" WriteMultipleCommand="0" IsWriteProtection="false" IsAutoUploadData="false" />
  <DevicePoint Index="284" Address="41076" Count="2" Type="Float" IsReverse="true" ValueLength="0" MinValue="-999999999" MaxValue="999999999" Bit="0" ReadCommand="3" WriteSingleCommand="0" WriteMultipleCommand="0" IsWriteProtection="false" IsAutoUploadData="false" />
  <DevicePoint Index="285" Address="41078" Count="2" Type="Float" IsReverse="true" ValueLength="0" MinValue="-999999999" MaxValue="999999999" Bit="0" ReadCommand="3" WriteSingleCommand="0" WriteMultipleCommand="0" IsWriteProtection="false" IsAutoUploadData="false" />
  <DevicePoint Index="286" Address="41080" Count="2" Type="Float" IsReverse="true" ValueLength="0" MinValue="-999999999" MaxValue="999999999" Bit="0" ReadCommand="3" WriteSingleCommand="0" WriteMultipleCommand="0" IsWriteProtection="false" IsAutoUploadData="false" />
  <DevicePoint Index="287" Address="41082" Count="2" Type="Float" IsReverse="true" ValueLength="0" MinValue="-999999999" MaxValue="999999999" Bit="0" ReadCommand="3" WriteSingleCommand="0" WriteMultipleCommand="0" IsWriteProtection="false" IsAutoUploadData="false" />
  <DevicePoint Index="288" Address="41084" Count="2" Type="Float" IsReverse="true" ValueLength="0" MinValue="-999999999" MaxValue="999999999" Bit="0" ReadCommand="3" WriteSingleCommand="0" WriteMultipleCommand="0" IsWriteProtection="false" IsAutoUploadData="false" />
  <DevicePoint Index="289" Address="41086" Count="2" Type="Float" IsReverse="true" ValueLength="0" MinValue="-999999999" MaxValue="999999999" Bit="0" ReadCommand="3" WriteSingleCommand="0" WriteMultipleCommand="0" IsWriteProtection="false" IsAutoUploadData="false" />
  <DevicePoint Index="290" Address="41088" Count="2" Type="Float" IsReverse="true" ValueLength="0" MinValue="-999999999" MaxValue="999999999" Bit="0" ReadCommand="3" WriteSingleCommand="0" WriteMultipleCommand="0" IsWriteProtection="false" IsAutoUploadData="false" />
  <DevicePoint Index="291" Address="41090" Count="2" Type="Float" IsReverse="true" ValueLength="0" MinValue="-999999999" MaxValue="999999999" Bit="0" ReadCommand="3" WriteSingleCommand="0" WriteMultipleCommand="0" IsWriteProtection="false" IsAutoUploadData="false" />
  <DevicePoint Index="292" Address="41092" Count="2" Type="Float" IsReverse="true" ValueLength="0" MinValue="-999999999" MaxValue="999999999" Bit="0" ReadCommand="3" WriteSingleCommand="0" WriteMultipleCommand="0" IsWriteProtection="false" IsAutoUploadData="false" />
  <DevicePoint Index="293" Address="41094" Count="2" Type="Float" IsReverse="true" ValueLength="0" MinValue="-999999999" MaxValue="999999999" Bit="0" ReadCommand="3" WriteSingleCommand="0" WriteMultipleCommand="0" IsWriteProtection="false" IsAutoUploadData="false" />
  <DevicePoint Index="294" Address="41096" Count="2" Type="Float" IsReverse="true" ValueLength="0" MinValue="-999999999" MaxValue="999999999" Bit="0" ReadCommand="3" WriteSingleCommand="0" WriteMultipleCommand="0" IsWriteProtection="false" IsAutoUploadData="false" />
  <DevicePoint Index="295" Address="41098" Count="2" Type="Float" IsReverse="true" ValueLength="0" MinValue="-999999999" MaxValue="999999999" Bit="0" ReadCommand="3" WriteSingleCommand="0" WriteMultipleCommand="0" IsWriteProtection="false" IsAutoUploadData="false" />
  <DevicePoint Index="296" Address="41100" Count="2" Type="Float" IsReverse="true" ValueLength="0" MinValue="-999999999" MaxValue="999999999" Bit="0" ReadCommand="3" WriteSingleCommand="0" WriteMultipleCommand="0" IsWriteProtection="false" IsAutoUploadData="false" />
  <DevicePoint Index="297" Address="41102" Count="2" Type="Float" IsReverse="true" ValueLength="0" MinValue="-999999999" MaxValue="999999999" Bit="0" ReadCommand="3" WriteSingleCommand="0" WriteMultipleCommand="0" IsWriteProtection="false" IsAutoUploadData="false" />
  <DevicePoint Index="298" Address="41104" Count="2" Type="Float" IsReverse="true" ValueLength="0" MinValue="-999999999" MaxValue="999999999" Bit="0" ReadCommand="3" WriteSingleCommand="0" WriteMultipleCommand="0" IsWriteProtection="false" IsAutoUploadData="false" />
  <DevicePoint Index="299" Address="41106" Count="2" Type="Float" IsReverse="true" ValueLength="0" MinValue="-999999999" MaxValue="999999999" Bit="0" ReadCommand="3" WriteSingleCommand="0" WriteMultipleCommand="0" IsWriteProtection="false" IsAutoUploadData="false" />
  <DevicePoint Index="300" Address="49000" Count="2" Type="Float" IsReverse="true" ValueLength="14" MinValue="-999999999" MaxValue="999999999" Bit="0" ReadCommand="3" WriteSingleCommand="0" WriteMultipleCommand="16" IsWriteProtection="false" IsAutoUploadData="false" />
  <DevicePoint Index="301" Address="49002" Count="2" Type="Float" IsReverse="true" ValueLength="14" MinValue="-999999999" MaxValue="999999999" Bit="0" ReadCommand="3" WriteSingleCommand="0" WriteMultipleCommand="16" IsWriteProtection="false" IsAutoUploadData="false" />
  <DevicePoint Index="302" Address="49004" Count="2" Type="Float" IsReverse="true" ValueLength="14" MinValue="-999999999" MaxValue="999999999" Bit="0" ReadCommand="3" WriteSingleCommand="0" WriteMultipleCommand="16" IsWriteProtection="false" IsAutoUploadData="false" />
  <DevicePoint Index="303" Address="49006" Count="2" Type="Float" IsReverse="true" ValueLength="14" MinValue="-999999999" MaxValue="999999999" Bit="0" ReadCommand="3" WriteSingleCommand="0" WriteMultipleCommand="16" IsWriteProtection="false" IsAutoUploadData="false" />
  <DevicePoint Index="304" Address="49008" Count="2" Type="Float" IsReverse="true" ValueLength="14" MinValue="-999999999" MaxValue="999999999" Bit="0" ReadCommand="3" WriteSingleCommand="0" WriteMultipleCommand="16" IsWriteProtection="false" IsAutoUploadData="false" />
  <DevicePoint Index="305" Address="49010" Count="2" Type="Float" IsReverse="true" ValueLength="14" MinValue="-999999999" MaxValue="999999999" Bit="0" ReadCommand="3" WriteSingleCommand="0" WriteMultipleCommand="16" IsWriteProtection="false" IsAutoUploadData="false" />
  <DevicePoint Index="306" Address="49012" Count="2" Type="Float" IsReverse="true" ValueLength="14" MinValue="-999999999" MaxValue="999999999" Bit="0" ReadCommand="3" WriteSingleCommand="0" WriteMultipleCommand="16" IsWriteProtection="false" IsAutoUploadData="false" />
  <DevicePoint Index="307" Address="49014" Count="2" Type="Float" IsReverse="true" ValueLength="14" MinValue="-999999999" MaxValue="999999999" Bit="0" ReadCommand="3" WriteSingleCommand="0" WriteMultipleCommand="16" IsWriteProtection="false" IsAutoUploadData="false" />
  <DevicePoint Index="308" Address="49016" Count="2" Type="Float" IsReverse="true" ValueLength="14" MinValue="-999999999" MaxValue="999999999" Bit="0" ReadCommand="3" WriteSingleCommand="0" WriteMultipleCommand="16" IsWriteProtection="false" IsAutoUploadData="false" />
  <DevicePoint Index="309" Address="49018" Count="2" Type="Float" IsReverse="true" ValueLength="14" MinValue="-999999999" MaxValue="999999999" Bit="0" ReadCommand="3" WriteSingleCommand="0" WriteMultipleCommand="16" IsWriteProtection="false" IsAutoUploadData="false" />
  <DevicePoint Index="310" Address="49020" Count="2" Type="Float" IsReverse="true" ValueLength="14" MinValue="-999999999" MaxValue="999999999" Bit="0" ReadCommand="3" WriteSingleCommand="0" WriteMultipleCommand="16" IsWriteProtection="false" IsAutoUploadData="false" />
  <DevicePoint Index="311" Address="49900" Count="1" Type="UShort" IsReverse="true" ValueLength="5" MinValue="0" MaxValue="65535" Bit="0" ReadCommand="3" WriteSingleCommand="0" WriteMultipleCommand="16" IsWriteProtection="false" IsAutoUploadData="false" />
</Config>